Address,Date time,Minimum Temperature,Maximum Temperature,Temperature,Dew Point,Relative Humidity,Heat Index,Wind Speed,Wind Gust,Wind Direction,Wind Chill,Precipitation,Precipitation Cover,Snow Depth,Visibility,Cloud Cover,Sea Level Pressure,Weather Type,Latitude,Longitude,Resolved Address,Name,Info,Conditions
"Bucharest, Romania","01/01/2012",-3.2,5.8,-0.3,-1.7,91.6,,11.8,14.4,253.13,-5.7,0.0,0.0,1.0,2.9,31.3,1022.0,"Mist, Fog",44.4343,26.103,"București, România","București, România","","Partially cloudy"
"Bucharest, Romania","01/02/2012",-4.0,6.8,0.4,-2.0,85.27,,21.6,14.4,238.04,-7.0,0.0,0.0,,6.7,20.9,1023.8,"Mist, Fog, Sky Unchanged",44.4343,26.103,"București, România","București, România","","Clear"
"Bucharest, Romania","01/03/2012",-0.2,11.6,4.1,-0.1,76.33,,18.7,18.0,243.33,-2.8,0.0,0.0,,9.3,4.3,1022.2,"Mist, Smoke Or Haze",44.4343,26.103,"București, România","București, România","","Clear"
"Bucharest, Romania","01/04/2012",-4.0,8.2,1.7,0.5,92.44,,13.6,10.8,248.42,-3.5,0.0,0.0,,3.5,11.7,1019.4,"Mist, Fog",44.4343,26.103,"București, România","București, România","","Clear"
"Bucharest, Romania","01/05/2012",-0.4,9.8,4.1,1.9,86.32,,16.6,21.6,234.88,-3.9,0.0,0.0,,6.6,36.7,1008.4,"Mist, Fog, Rain Showers, Light Rain, Sky Coverage Increasing",44.4343,26.103,"București, România","București, România","","Partially cloudy"
"Bucharest, Romania","01/06/2012",3.6,6.6,5.1,4.5,95.94,,37.2,66.6,108.71,1.1,0.0,0.0,,5.3,88.9,993.9,"Mist, Light Drizzle, Rain, Rain Showers, Fog, Heavy Rain, Light Rain, Sky Coverage Increasing",44.4343,26.103,"București, România","București, România","","Overcast"
"Bucharest, Romania","01/07/2012",2.8,5.7,3.9,2.5,90.83,,43.3,86.4,130.33,-2.9,0.0,0.0,,7.5,92.5,1004.8,"Mist, Light Drizzle, Rain, Rain Showers, Heavy Rain, Light Rain, Sky Coverage Increasing",44.4343,26.103,"București, România","București, România","","Overcast"
"Bucharest, Romania","01/08/2012",0.6,4.3,2.5,1.8,95.44,,11.2,,220.21,-0.3,0.0,0.0,,7.9,79.2,1010.7,"Mist, Light Drizzle, Rain, Fog, Light Rain, Sky Coverage Increasing",44.4343,26.103,"București, România","București, România","","Overcast"
"Bucharest, Romania","01/09/2012",-2.9,4.6,0.5,-1.3,88.33,,11.6,7.2,266.25,-1.7,0.0,0.0,,7.1,42.2,1015.2,"Mist, Fog, Sky Coverage Increasing, Sky Unchanged",44.4343,26.103,"București, România","București, România","","Partially cloudy"
"Bucharest, Romania","01/10/2012",-0.5,6.7,2.0,-0.2,86.51,,7.1,,201.48,-1.6,0.0,0.0,,6.3,42.6,1022.1,"Mist",44.4343,26.103,"București, România","București, România","","Partially cloudy"
"Bucharest, Romania","01/11/2012",-3.1,4.6,0.6,-1.6,86.28,,10.9,10.8,283.88,-4.9,0.0,0.0,,9.3,39.1,1027.3,"Mist, Fog, Smoke Or Haze",44.4343,26.103,"București, România","București, România","","Partially cloudy"
"Bucharest, Romania","01/12/2012",-2.3,8.7,1.5,-0.8,86.37,,12.7,10.8,240.29,-4.7,0.0,0.0,,6.8,24.1,1025.6,"Mist",44.4343,26.103,"București, România","București, România","","Clear"
"Bucharest, Romania","01/13/2012",-0.7,8.7,3.0,-0.5,79.15,,24.8,72.0,245.42,-5.2,0.0,0.0,,8.7,39.4,1013.2,"Mist",44.4343,26.103,"București, România","București, România","","Partially cloudy"
"Bucharest, Romania","01/14/2012",-0.4,6.1,2.6,-3.5,65.59,,20.6,72.0,267.96,-4.6,0.0,0.0,,10.1,28.7,1010.7,"",44.4343,26.103,"București, România","București, România","","Partially cloudy"
"Bucharest, Romania","01/15/2012",-3.8,4.1,-0.9,-5.3,73.98,,11.4,18.5,263.29,-8.0,0.0,0.0,,10.1,26.6,1012.3,"",44.4343,26.103,"București, România","București, România","","Partially cloudy"
"Bucharest, Romania","01/16/2012",-5.5,2.4,-1.8,-6.3,72.95,,10.5,7.2,143.21,-7.0,0.0,0.0,,10.3,45.6,1017.7,"Snow And Rain Showers, Light Snow, Sky Coverage Decreasing",44.4343,26.103,"București, România","București, România","","Partially cloudy"
"Bucharest, Romania","01/17/2012",-5.8,1.7,-2.0,-7.5,69.57,,16.5,10.8,246.92,-6.7,0.0,0.0,,10.1,48.8,1022.4,"",44.4343,26.103,"București, România","București, România","","Partially cloudy"
"Bucharest, Romania","01/18/2012",-4.5,-0.6,-3.0,-8.3,68.18,,14.1,28.8,153.58,-9.0,0.0,0.0,,10.2,50.4,1029.2,"Mist",44.4343,26.103,"București, România","București, România","","Partially cloudy"
"Bucharest, Romania","01/19/2012",-6.9,1.4,-2.9,-5.1,85.04,,17.8,21.6,223.5,-10.5,0.0,0.0,,8.7,37.2,1026.2,"Mist",44.4343,26.103,"București, România","București, România","","Partially cloudy"
"Bucharest, Romania","01/20/2012",-1.7,6.6,3.1,0.5,83.12,,18.0,,242.43,-2.4,0.0,0.0,,9.6,81.2,1012.6,"Mist, Light Snow, Rain, Rain Showers, Light Rain, Sky Coverage Increasing",44.4343,26.103,"București, România","București, România","","Overcast"
"Bucharest, Romania","01/21/2012",-1.6,3.4,1.3,0.9,97.22,,10.4,61.2,222.58,-5.0,0.0,0.0,7.99,3.8,75.9,1007.7,"Snow And Rain Showers, Snow Showers, Mist, Light Snow, Rain, Fog, Light Rain, Sky Coverage Increasing, Snow",44.4343,26.103,"București, România","București, România","","Overcast"
"Bucharest, Romania","01/22/2012",-4.9,1.5,-1.3,-2.7,90.14,,23.2,72.0,252.67,-9.6,0.0,0.0,7.99,9.8,28.3,1008.4,"Light Snow, Mist, Fog, Sky Coverage Decreasing, Sky Coverage Increasing, Snow",44.4343,26.103,"București, România","București, România","","Partially cloudy"
"Bucharest, Romania","01/23/2012",-0.6,8.7,3.3,0.3,81.5,,18.4,57.6,260.71,-3.7,0.0,0.0,5.97,9.9,14.9,1011.9,"Rain, Light Rain",44.4343,26.103,"București, România","București, România","","Clear"
"Bucharest, Romania","01/24/2012",-3.0,2.9,0.7,-0.6,91.36,,21.4,36.0,85.17,-5.4,0.0,0.0,1.99,9.1,59.0,1015.3,"Mist, Light Snow, Light Drizzle, Rain, Light Rain And Snow, Light Rain, Snow",44.4343,26.103,"București, România","București, România","","Partially cloudy"
"Bucharest, Romania","01/25/2012",-3.1,0.1,-0.5,-0.9,97.54,,45.2,74.4,47.29,-11.9,0.0,0.0,22.77,1.0,98.6,1009.6,"Blowing Or Drifting Snow, Light Snow, Heavy Rain And Snow, Light Rain And Snow, Dust storm, Fog, Light Rain, Snow",44.4343,26.103,"București, România","București, România","","Overcast"
"Bucharest, Romania","01/26/2012",-9.1,-3.9,-6.5,-8.1,88.31,,44.6,75.6,53.0,-16.6,0.0,0.0,22.89,2.1,86.8,1017.7,"Blowing Or Drifting Snow, Light Snow, Mist, Dust storm, Sky Coverage Increasing, Snow",44.4343,26.103,"București, România","București, România","","Overcast"
"Bucharest, Romania","01/27/2012",-13.0,-7.0,-8.9,-10.6,87.91,,15.2,32.4,122.63,-15.8,0.0,0.0,26.89,6.3,80.2,1030.1,"Blowing Or Drifting Snow, Light Snow, Mist, Sky Coverage Increasing, Snow",44.4343,26.103,"București, România","București, România","","Overcast"
"Bucharest, Romania","01/28/2012",-15.1,-8.1,-11.5,-13.7,83.67,,14.2,10.8,63.92,-19.2,0.0,0.0,26.89,8.1,34.6,1037.1,"Mist, Light Snow, Sky Coverage Decreasing, Sky Coverage Increasing, Snow",44.4343,26.103,"București, România","București, România","","Partially cloudy"
"Bucharest, Romania","01/29/2012",-20.0,-7.6,-14.3,-16.3,84.86,,8.1,7.2,261.25,-22.2,0.0,0.0,24.93,4.6,2.1,1035.9,"Mist, Fog, Sky Coverage Decreasing, Snow",44.4343,26.103,"București, România","București, România","","Clear"
"Bucharest, Romania","01/30/2012",-15.6,-8.4,-12.5,-15.0,81.48,,12.1,,201.63,-20.7,0.0,0.0,23.92,9.4,16.5,1036.1,"Snow Showers, Mist, Diamond Dust, Fog",44.4343,26.103,"București, România","București, România","","Clear"
"Bucharest, Romania","01/31/2012",-21.9,-7.4,-14.5,-16.9,82.6,,7.9,7.2,236.26,-23.9,0.0,0.0,20.96,4.2,9.7,1033.0,"Mist, Diamond Dust, Fog, Smoke Or Haze",44.4343,26.103,"București, România","București, România","","Clear"
"Bucharest, Romania","02/01/2012",-20.9,-10.2,-16.0,-18.4,81.6,,13.8,18.0,167.96,-24.4,0.0,0.0,20.96,6.1,22.7,1034.1,"Mist, Light Snow, Fog, Sky Unchanged, Snow",44.4343,26.103,"București, România","București, România","","Clear"
"Bucharest, Romania","02/02/2012",-17.0,-11.0,-13.7,-16.1,82.02,,22.2,32.4,56.42,-25.7,0.0,0.0,22.95,6.2,77.5,1031.6,"Mist, Light Snow, Dust storm, Snow",44.4343,26.103,"București, România","București, România","","Overcast"
"Bucharest, Romania","02/03/2012",-12.0,-7.1,-10.2,-11.7,88.52,,28.7,61.2,58.92,-21.2,0.0,0.0,23.93,4.0,98.6,1031.0,"Blowing Or Drifting Snow, Mist, Light Snow, Dust storm, Sky Coverage Increasing, Snow",44.4343,26.103,"București, România","București, România","","Overcast"
"Bucharest, Romania","02/04/2012",-6.7,-1.7,-4.1,-4.7,95.48,,24.5,43.2,60.38,-14.2,0.0,0.0,23.93,3.4,99.8,1026.6,"Mist, Light Snow, Dust storm, Fog, Freezing Drizzle/Freezing Rain, Sky Coverage Increasing, Light Freezing Rain, Snow",44.4343,26.103,"București, România","București, România","","Overcast"
"Bucharest, Romania","02/05/2012",-5.6,-0.2,-2.2,-2.7,96.15,,23.4,39.6,72.63,-10.9,0.0,0.0,28.83,2.8,99.0,1024.9,"Ice, Mist, Light Snow, Heavy Rain And Snow, Light Rain And Snow, Fog, Heavy Freezing Rain, Light Freezing Rain, Snow",44.4343,26.103,"București, România","București, România","","Overcast"
"Bucharest, Romania","02/06/2012",-8.0,-5.4,-6.7,-7.9,91.11,,39.3,68.4,63.0,-17.9,0.0,0.0,30.84,3.7,99.3,1025.8,"Ice, Blowing Or Drifting Snow, Mist, Light Snow, Dust storm, Fog, Sky Coverage Increasing, Snow",44.4343,26.103,"București, România","București, România","","Overcast"
"Bucharest, Romania","02/07/2012",-11.3,-7.9,-9.3,-12.1,80.26,,47.0,100.8,57.0,-21.7,0.0,0.0,30.84,5.1,63.3,1023.2,"Blowing Or Drifting Snow, Light Snow, Mist, Dust storm, Snow",44.4343,26.103,"București, România","București, România","","Partially cloudy"
"Bucharest, Romania","02/08/2012",-16.4,-6.9,-11.6,-16.4,67.58,,29.9,57.6,77.29,-22.9,0.0,0.0,28.91,10.1,30.3,1035.8,"Blowing Or Drifting Snow, Light Snow, Mist, Dust storm, Sky Coverage Increasing",44.4343,26.103,"București, România","București, România","","Partially cloudy"
"Bucharest, Romania","02/09/2012",-21.5,-7.1,-14.7,-18.4,74.81,,7.2,,220.17,-17.2,0.0,0.0,27.92,8.8,7.9,1032.5,"Mist, Diamond Dust, Fog, Smoke Or Haze",44.4343,26.103,"București, România","București, România","","Clear"
"Bucharest, Romania","02/10/2012",-17.2,-6.6,-12.5,-15.4,79.76,,7.6,3.6,91.04,-17.8,0.0,0.0,26.93,9.0,17.8,1034.9,"Mist, Fog",44.4343,26.103,"București, România","București, România","","Clear"
"Bucharest, Romania","02/11/2012",-19.5,-11.1,-14.3,-16.6,83.23,,24.7,39.6,61.63,-22.8,0.0,0.0,27.92,4.7,57.9,1034.6,"Mist, Light Snow, Dust storm, Sky Coverage Increasing, Snow",44.4343,26.103,"București, România","București, România","","Partially cloudy"
"Bucharest, Romania","02/12/2012",-11.2,-7.7,-9.7,-11.4,87.63,,23.6,36.0,54.96,-19.1,0.0,0.0,30.91,5.0,98.4,1030.3,"Blowing Or Drifting Snow, Light Snow, Mist, Dust storm, Sky Coverage Increasing, Snow",44.4343,26.103,"București, România","București, România","","Overcast"
"Bucharest, Romania","02/13/2012",-7.7,-3.2,-6.0,-6.8,93.75,,21.7,32.4,105.54,-14.8,0.0,0.0,55.66,1.4,98.2,1018.1,"Blowing Or Drifting Snow, Heavy Snow, Mist, Light Snow, Dust storm, Fog, Snow",44.4343,26.103,"București, România","București, România","","Overcast"
"Bucharest, Romania","02/14/2012",-12.4,-3.0,-6.6,-8.1,89.24,,15.3,57.6,231.21,-12.3,0.0,0.0,62.59,4.0,56.1,1012.7,"Light Snow, Mist, Fog, Sky Coverage Increasing, Snow",44.4343,26.103,"București, România","București, România","","Partially cloudy"
"Bucharest, Romania","02/15/2012",-16.3,-5.5,-10.3,-12.3,85.97,,20.2,25.2,235.83,-20.3,0.0,0.0,58.64,3.6,48.0,1008.7,"Mist, Light Snow, Fog",44.4343,26.103,"București, România","București, România","","Partially cloudy"
"Bucharest, Romania","02/16/2012",-6.6,0.7,-3.3,-5.9,82.27,,18.7,14.4,182.38,-11.9,0.0,0.0,57.66,7.2,81.6,1003.9,"Light Snow, Mist, Snow",44.4343,26.103,"București, România","București, România","","Overcast"
"Bucharest, Romania","02/17/2012",-10.9,-1.0,-5.4,-7.9,83.35,,14.4,25.2,203.54,-10.5,0.0,0.0,54.68,4.5,41.3,1016.5,"Mist, Light Snow, Fog, Sky Coverage Increasing, Smoke Or Haze",44.4343,26.103,"București, România","București, România","","Partially cloudy"
"Bucharest, Romania","02/18/2012",-13.0,0.6,-7.4,-9.6,85.23,,10.9,,252.0,-9.0,0.0,0.0,51.7,3.2,32.4,1019.7,"Mist, Fog, Sky Coverage Decreasing",44.4343,26.103,"București, România","București, România","","Partially cloudy"
"Bucharest, Romania","02/19/2012",-15.1,0.6,-6.9,-8.5,88.94,,10.5,10.8,254.63,-12.2,0.0,0.0,51.68,2.0,21.8,1025.6,"Mist, Fog",44.4343,26.103,"București, România","București, România","","Clear"
"Bucharest, Romania","02/20/2012",-10.2,4.3,-2.7,-4.6,87.38,,8.4,14.4,176.74,-11.8,0.0,0.0,48.68,1.7,47.6,1029.7,"Mist, Fog, Smoke Or Haze",44.4343,26.103,"București, România","București, România","","Partially cloudy"
"Bucharest, Romania","02/21/2012",-6.1,2.7,-1.1,-3.0,87.56,,10.1,7.2,124.96,-1.5,0.0,0.0,44.72,3.9,47.6,1033.2,"Mist, Fog, Smoke Or Haze",44.4343,26.103,"București, România","București, România","","Partially cloudy"
"Bucharest, Romania","02/22/2012",-7.0,3.7,-2.4,-4.2,88.13,,14.1,10.8,249.13,-9.4,0.0,0.0,40.75,9.0,10.3,1031.2,"Mist, Fog",44.4343,26.103,"București, România","București, România","","Clear"
"Bucharest, Romania","02/23/2012",-7.2,-1.7,-4.3,-5.0,95.01,,21.0,32.4,246.88,-11.1,0.0,0.0,36.8,0.5,50.8,1024.8,"Mist, Fog",44.4343,26.103,"București, România","București, România","","Partially cloudy"
"Bucharest, Romania","02/24/2012",-3.5,5.0,0.8,-1.3,87.01,,13.8,72.0,236.83,-6.8,0.0,0.0,33.83,5.2,35.7,1015.9,"Mist, Fog, Sky Coverage Increasing",44.4343,26.103,"București, România","București, România","","Partially cloudy"
"Bucharest, Romania","02/25/2012",0.2,11.3,4.5,1.6,82.82,,16.6,72.0,225.43,-2.6,0.0,0.0,32.8,9.8,29.5,1010.3,"Mist",44.4343,26.103,"București, România","București, România","","Partially cloudy"
"Bucharest, Romania","02/26/2012",-3.1,7.5,2.0,-1.6,78.85,,12.7,14.4,219.22,-5.3,0.0,0.0,28.8,9.2,42.1,1009.5,"Mist",44.4343,26.103,"București, România","București, România","","Partially cloudy"
"Bucharest, Romania","02/27/2012",-3.2,3.3,0.9,-3.4,73.91,,16.6,,118.75,-6.8,0.0,0.0,23.79,10.3,60.2,1014.5,"Light Snow",44.4343,26.103,"București, România","București, România","","Partially cloudy"
"Bucharest, Romania","02/28/2012",-8.1,1.9,-2.7,-8.1,70.71,,14.8,7.2,266.58,-10.5,0.0,0.0,21.79,10.0,28.2,1017.2,"Mist, Fog, Sky Coverage Decreasing",44.4343,26.103,"București, România","București, România","","Partially cloudy"
"Bucharest, Romania","02/29/2012",-8.0,1.9,-2.6,-6.2,77.58,,18.9,10.8,187.5,-9.9,0.0,0.0,20.8,9.1,43.5,1010.4,"Snow Showers, Light Snow, Mist, Sky Coverage Decreasing, Sky Coverage Increasing, Snow",44.4343,26.103,"București, România","București, România","","Partially cloudy"
"Bucharest, Romania","03/01/2012",-5.9,1.5,-1.8,-3.2,90.08,,16.3,14.4,220.54,-8.4,0.0,0.0,25.75,5.0,49.4,1021.4,"Mist, Light Snow, Fog, Smoke Or Haze, Snow",44.4343,26.103,"București, România","București, România","","Partially cloudy"
"Bucharest, Romania","03/02/2012",-6.6,6.5,-0.1,-2.8,83.5,,14.7,10.8,198.22,-7.0,0.0,0.0,21.77,6.1,23.2,1017.8,"Mist, Light Snow",44.4343,26.103,"București, România","București, România","","Clear"
"Bucharest, Romania","03/03/2012",-3.5,7.7,2.3,-3.9,68.05,,15.0,57.6,264.83,-5.6,0.0,0.0,17.81,7.9,16.9,1015.9,"Hail Showers, Mist, Sky Coverage Increasing, Sky Unchanged, Snow",44.4343,26.103,"București, România","București, România","","Clear"
"Bucharest, Romania","03/04/2012",-4.6,7.6,1.2,-4.4,68.87,,15.9,21.6,148.29,-4.9,0.0,0.0,15.81,10.4,7.4,1020.2,"",44.4343,26.103,"București, România","București, România","","Clear"
"Bucharest, Romania","03/05/2012",-5.6,2.0,-1.1,-5.4,73.46,,17.8,21.6,67.42,-7.9,0.0,0.0,12.84,10.1,16.5,1021.3,"",44.4343,26.103,"București, România","București, România","","Clear"
"Bucharest, Romania","03/06/2012",-5.1,4.5,-0.4,-5.5,69.74,,26.5,14.4,123.96,-7.5,0.0,0.0,12.84,10.2,41.2,1023.2,"",44.4343,26.103,"București, România","București, România","","Partially cloudy"
"Bucharest, Romania","03/07/2012",-4.8,0.2,-1.9,-6.6,70.63,,25.2,10.8,74.46,-8.7,0.0,0.0,12.0,10.2,51.1,1030.6,"Snow And Rain Showers, Snow Showers, Light Snow",44.4343,26.103,"București, România","București, România","","Partially cloudy"
"Bucharest, Romania","03/08/2012",-6.6,3.1,-1.7,-5.1,78.55,,7.7,10.8,93.58,-5.8,0.0,0.0,9.0,8.2,57.4,1026.9,"Mist, Smoke Or Haze",44.4343,26.103,"București, România","București, România","","Partially cloudy"
"Bucharest, Romania","03/09/2012",-2.6,4.5,-0.2,-2.1,87.78,,8.1,10.8,75.74,-4.1,0.0,0.0,6.0,4.6,46.9,1033.8,"Mist, Fog, Sky Coverage Decreasing, Smoke Or Haze",44.4343,26.103,"București, România","București, România","","Partially cloudy"
"Bucharest, Romania","03/10/2012",-5.9,5.0,-0.7,-3.0,85.91,,9.0,10.8,89.42,-0.1,0.0,0.0,4.0,3.6,15.0,1035.2,"Mist, Fog, Smoke Or Haze",44.4343,26.103,"București, România","București, România","","Clear"
"Bucharest, Romania","03/11/2012",-5.7,6.8,0.8,-1.8,83.54,,19.8,7.2,231.75,-7.9,0.0,0.0,,4.0,21.0,1020.9,"Mist, Fog, Light Rain, Smoke Or Haze",44.4343,26.103,"București, România","București, România","","Clear"
"Bucharest, Romania","03/12/2012",1.2,7.7,3.7,-0.6,74.84,,24.3,57.6,100.67,-2.9,0.0,0.0,,9.7,56.2,1014.0,"Mist, Rain, Rain Showers, Light Rain, Sky Coverage Decreasing, Sky Coverage Increasing",44.4343,26.103,"București, România","București, România","","Partially cloudy"
"Bucharest, Romania","03/13/2012",-3.3,8.5,2.4,-2.6,72.96,,16.3,7.2,276.63,-3.2,0.0,0.0,,9.9,14.7,1022.4,"",44.4343,26.103,"București, România","București, România","","Clear"
"Bucharest, Romania","03/14/2012",-2.9,12.0,5.1,-0.8,69.34,,11.6,10.8,262.83,-4.6,0.0,0.0,,9.3,30.1,1019.6,"Mist",44.4343,26.103,"București, România","București, România","","Partially cloudy"
"Bucharest, Romania","03/15/2012",-0.4,6.4,2.9,0.3,83.62,,18.2,21.6,142.13,-3.4,0.0,0.0,,9.9,73.2,1023.5,"Light Snow, Mist, Heavy Rain And Snow, Light Rain And Snow, Fog, Light Rain, Sky Coverage Decreasing, Snow",44.4343,26.103,"București, România","București, România","","Partially cloudy"
"Bucharest, Romania","03/16/2012",-3.2,11.0,3.9,-1.5,71.4,,18.2,10.8,261.33,-4.9,0.0,0.0,,9.3,11.7,1029.1,"Mist, Fog",44.4343,26.103,"București, România","București, România","","Clear"
"Bucharest, Romania","03/17/2012",0.2,17.9,8.3,-0.2,59.24,,9.9,,243.54,-0.4,0.0,0.0,,9.7,0.0,1025.8,"Mist",44.4343,26.103,"București, România","București, România","","Clear"
"Bucharest, Romania","03/18/2012",2.5,22.4,11.6,1.7,57.37,,15.2,61.2,239.75,0.3,0.0,0.0,,8.2,0.0,1022.7,"Mist",44.4343,26.103,"București, România","București, România","","Clear"
"Bucharest, Romania","03/19/2012",4.3,23.6,13.6,1.7,48.18,,20.0,,250.0,2.5,0.0,0.0,,10.0,19.7,1022.0,"",44.4343,26.103,"București, România","București, România","","Clear"
"Bucharest, Romania","03/20/2012",4.7,17.9,11.5,4.1,61.82,,20.5,21.6,160.33,3.8,0.0,0.0,,10.0,4.4,1029.0,"Smoke Or Haze",44.4343,26.103,"București, România","București, România","","Clear"
"Bucharest, Romania","03/21/2012",2.3,19.0,11.2,1.3,57.76,,13.0,10.8,217.17,5.4,0.0,0.0,,8.9,0.5,1030.4,"Mist, Smoke Or Haze",44.4343,26.103,"București, România","București, România","","Clear"
"Bucharest, Romania","03/22/2012",3.5,20.6,12.7,2.6,53.24,,14.0,7.2,212.75,3.6,0.0,0.0,,10.0,8.9,1029.7,"Smoke Or Haze",44.4343,26.103,"București, România","București, România","","Clear"
"Bucharest, Romania","03/23/2012",4.8,22.1,13.3,3.7,57.51,,15.3,10.8,147.38,3.9,0.0,0.0,,9.9,0.5,1026.1,"",44.4343,26.103,"București, România","București, România","","Clear"
"Bucharest, Romania","03/24/2012",5.0,20.9,13.3,3.9,56.09,,22.0,,146.04,5.0,0.0,0.0,,9.7,3.2,1022.0,"",44.4343,26.103,"București, România","București, România","","Clear"
"Bucharest, Romania","03/25/2012",6.8,22.0,14.1,4.4,56.62,,17.6,,147.65,5.3,0.0,0.0,,10.0,26.2,1019.6,"Precipitation In Vicinity, Rain Showers",44.4343,26.103,"București, România","București, România","","Partially cloudy"
"Bucharest, Romania","03/26/2012",4.6,14.2,10.0,-0.7,50.22,,28.8,,135.0,3.7,0.0,0.0,,10.0,18.4,1018.9,"",44.4343,26.103,"București, România","București, România","","Clear"
"Bucharest, Romania","03/27/2012",1.4,12.2,8.1,-5.3,38.94,,25.4,,204.75,-0.3,0.0,0.0,,10.1,40.2,1022.8,"",44.4343,26.103,"București, România","București, România","","Partially cloudy"
"Bucharest, Romania","03/28/2012",4.1,16.2,9.9,-0.8,49.62,,11.0,,254.75,2.8,0.0,0.0,,9.6,43.2,1016.9,"Mist",44.4343,26.103,"București, România","București, România","","Partially cloudy"
"Bucharest, Romania","03/29/2012",4.5,21.1,12.6,-0.6,44.95,,31.3,144.0,253.63,2.8,0.0,0.0,,10.0,38.0,1009.0,"",44.4343,26.103,"București, România","București, România","","Partially cloudy"
"Bucharest, Romania","03/30/2012",4.4,13.8,10.6,1.5,56.24,,28.2,144.0,197.92,2.5,0.0,0.0,,10.2,58.8,1001.4,"Precipitation In Vicinity, Thunderstorm, Thunderstorm Without Precipitation, Rain Showers, Sky Coverage Decreasing",44.4343,26.103,"București, România","București, România","","Partially cloudy"
"Bucharest, Romania","03/31/2012",1.6,18.0,9.5,2.1,65.34,,32.2,144.0,242.13,-0.9,0.0,0.0,,10.1,27.9,1003.4,"",44.4343,26.103,"București, România","București, România","","Partially cloudy"
"Bucharest, Romania","04/01/2012",2.8,11.1,9.1,0.2,56.37,,24.7,36.0,226.21,4.6,0.0,0.0,,10.2,41.8,1003.5,"Rain, Rain Showers, Sky Coverage Decreasing, Sky Coverage Increasing",44.4343,26.103,"București, România","București, România","","Partially cloudy"
"Bucharest, Romania","04/02/2012",-1.2,14.1,6.6,-5.0,48.73,,27.5,46.8,249.71,-3.6,0.0,0.0,,10.0,2.3,1014.9,"",44.4343,26.103,"București, România","București, România","","Clear"
"Bucharest, Romania","04/03/2012",0.7,20.7,11.4,-3.4,38.76,,13.2,25.2,238.46,1.4,0.0,0.0,,10.0,30.7,1014.7,"",44.4343,26.103,"București, România","București, România","","Partially cloudy"
"Bucharest, Romania","04/04/2012",6.2,24.9,15.6,2.6,45.14,,10.0,21.6,180.79,,0.0,0.0,,10.0,31.7,1013.6,"",44.4343,26.103,"București, România","București, România","","Partially cloudy"
"Bucharest, Romania","04/05/2012",14.9,25.8,19.4,8.7,51.98,,9.7,18.0,165.96,,0.0,0.0,,10.2,41.4,1010.8,"Rain Showers, Light Rain, Sky Coverage Decreasing, Sky Unchanged",44.4343,26.103,"București, România","București, România","","Partially cloudy"
"Bucharest, Romania","04/06/2012",12.1,17.0,14.0,11.1,82.93,,17.2,25.2,76.96,,0.0,0.0,,10.1,80.4,1005.2,"Mist, Rain Showers, Light Rain, Sky Coverage Increasing",44.4343,26.103,"București, România","București, România","","Overcast"
"Bucharest, Romania","04/07/2012",10.5,23.8,16.2,9.0,68.5,,24.8,72.0,252.79,,0.0,0.0,,7.0,47.7,1001.3,"Mist, Fog",44.4343,26.103,"București, România","București, România","","Partially cloudy"
"Bucharest, Romania","04/08/2012",5.8,16.9,12.1,7.7,74.91,,31.9,47.3,234.17,2.8,0.0,0.0,,10.2,72.9,995.7,"Precipitation In Vicinity, Thunderstorm Without Precipitation, Rain Showers, Light Rain, Sky Coverage Decreasing",44.4343,26.103,"București, România","București, România","","Partially cloudy"
"Bucharest, Romania","04/09/2012",4.9,8.8,6.4,2.8,78.38,,15.5,21.6,168.42,1.6,0.0,0.0,,10.5,88.6,1005.4,"Rain, Rain Showers, Light Rain, Sky Coverage Increasing",44.4343,26.103,"București, România","București, România","","Overcast"
"Bucharest, Romania","04/10/2012",3.8,12.9,7.6,-1.0,55.78,,19.1,28.8,165.96,0.8,0.0,0.0,,10.2,51.7,1014.2,"",44.4343,26.103,"București, România","București, România","","Partially cloudy"
"Bucharest, Romania","04/11/2012",0.4,18.4,9.5,-0.4,56.87,,10.9,25.2,150.13,0.1,0.0,0.0,,9.4,3.1,1010.6,"Mist",44.4343,26.103,"București, România","București, România","","Clear"
"Bucharest, Romania","04/12/2012",4.5,21.1,11.9,2.8,58.8,,8.2,17.8,137.42,5.1,0.0,0.0,,10.0,31.8,1005.9,"",44.4343,26.103,"București, România","București, România","","Partially cloudy"
"Bucharest, Romania","04/13/2012",9.3,23.5,17.0,4.3,46.76,,19.8,28.8,203.58,8.7,0.0,0.0,,10.0,37.5,1005.7,"",44.4343,26.103,"București, România","București, România","","Partially cloudy"
"Bucharest, Romania","04/14/2012",10.7,21.3,15.6,10.9,75.58,,16.6,28.8,102.46,,0.01,29.17,,9.7,78.8,997.4,"Mist, Thunderstorm, Thunderstorm Without Precipitation, Rain Showers, Light Rain, Sky Coverage Decreasing, Sky Coverage Increasing",44.4343,26.103,"București, România","București, România","","Rain, Overcast"
"Bucharest, Romania","04/15/2012",11.5,16.7,13.4,12.8,96.11,,10.4,27.9,145.33,,15.57,58.33,,9.5,88.5,996.0,"Mist, Thunderstorm, Rain, Thunderstorm Without Precipitation, Rain Showers, Light Rain, Sky Coverage Increasing",44.4343,26.103,"București, România","București, România","","Rain, Overcast"
"Bucharest, Romania","04/16/2012",11.5,22.3,15.7,9.0,69.65,,23.1,36.0,227.38,,0.0,4.17,,10.0,56.0,1004.0,"Mist, Rain Showers, Sky Coverage Decreasing, Sky Coverage Increasing",44.4343,26.103,"București, România","București, România","","Partially cloudy"
"Bucharest, Romania","04/17/2012",10.7,20.2,13.8,10.4,81.92,,10.7,28.8,150.92,,0.13,29.17,,9.8,68.5,1005.7,"Thunderstorm, Thunderstorm Without Precipitation, Rain Showers, Light Rain, Sky Coverage Decreasing, Sky Coverage Increasing, Sky Unchanged",44.4343,26.103,"București, România","București, România","","Rain, Partially cloudy"
"Bucharest, Romania","04/18/2012",8.1,13.9,10.9,8.8,87.8,,28.4,50.4,59.46,4.9,3.09,37.5,,10.2,85.8,998.9,"Mist, Rain, Rain Showers, Light Rain, Sky Coverage Increasing",44.4343,26.103,"București, România","București, România","","Rain, Overcast"
"Bucharest, Romania","04/19/2012",10.5,20.1,14.5,8.9,71.78,,24.4,36.0,255.29,,0.0,0.0,,10.3,60.6,995.6,"Rain Showers, Light Rain, Sky Coverage Decreasing, Sky Coverage Increasing",44.4343,26.103,"București, România","București, România","","Partially cloudy"
"Bucharest, Romania","04/20/2012",9.7,16.8,13.4,9.0,75.2,,13.2,21.6,253.29,,0.0,0.0,,10.3,57.7,1002.1,"Rain Showers, Light Rain, Sky Coverage Decreasing",44.4343,26.103,"București, România","București, România","","Partially cloudy"
"Bucharest, Romania","04/21/2012",9.3,19.8,14.8,8.7,69.79,,25.7,43.2,247.5,7.9,0.0,0.0,,10.2,39.3,1004.6,"Precipitation In Vicinity, Rain Showers, Sky Coverage Decreasing, Sky Unchanged",44.4343,26.103,"București, România","București, România","","Partially cloudy"
"Bucharest, Romania","04/22/2012",8.3,21.8,15.2,6.1,59.23,,20.8,36.0,256.79,6.7,0.0,0.0,,10.0,11.0,1010.2,"",44.4343,26.103,"București, România","București, România","","Clear"
"Bucharest, Romania","04/23/2012",5.5,23.8,15.8,7.5,62.04,,19.6,32.4,226.67,9.3,0.0,0.0,,10.4,22.5,1012.3,"",44.4343,26.103,"București, România","București, România","","Clear"
"Bucharest, Romania","04/24/2012",10.0,23.8,16.6,8.6,62.78,,18.2,32.4,153.54,,0.0,0.0,,10.1,48.3,1010.2,"Rain Showers, Sky Coverage Increasing",44.4343,26.103,"București, România","București, România","","Partially cloudy"
"Bucharest, Romania","04/25/2012",9.7,29.8,17.4,9.4,64.97,28.2,39.4,65.1,123.33,,0.0,0.0,,10.2,33.9,1008.7,"Squalls, Rain Showers",44.4343,26.103,"București, România","București, România","","Partially cloudy"
"Bucharest, Romania","04/26/2012",10.8,19.8,14.8,10.3,76.03,,20.1,29.2,235.17,,0.0,0.0,,10.3,63.6,1015.2,"Rain Showers, Sky Coverage Decreasing, Sky Coverage Increasing",44.4343,26.103,"București, România","București, România","","Partially cloudy"
"Bucharest, Romania","04/27/2012",11.7,25.0,18.3,9.7,60.47,,16.6,25.2,113.29,,0.0,0.0,,10.0,4.0,1019.9,"",44.4343,26.103,"București, România","București, România","","Clear"
"Bucharest, Romania","04/28/2012",9.5,28.7,20.1,7.7,50.44,27.4,21.5,39.6,136.79,9.2,0.0,0.0,,10.0,7.3,1022.5,"",44.4343,26.103,"București, România","București, România","","Clear"
"Bucharest, Romania","04/29/2012",11.4,29.8,20.7,9.1,52.26,28.4,15.1,28.8,140.0,,0.0,0.0,,10.0,8.5,1021.2,"",44.4343,26.103,"București, România","București, România","","Clear"
"Bucharest, Romania","04/30/2012",10.7,29.1,20.7,9.3,55.16,27.7,9.0,18.0,189.76,,0.0,0.0,,10.0,0.0,1017.9,"",44.4343,26.103,"București, România","București, România","","Clear"
"Bucharest, Romania","05/01/2012",11.2,30.0,21.2,9.8,54.48,28.4,8.1,18.0,199.57,,0.0,0.0,,10.0,1.3,1016.4,"",44.4343,26.103,"București, România","București, România","","Clear"
"Bucharest, Romania","05/02/2012",11.2,30.7,21.2,9.4,53.75,28.8,10.2,18.0,145.09,,0.0,0.0,,10.0,17.7,1013.9,"",44.4343,26.103,"București, România","București, România","","Clear"
"Bucharest, Romania","05/03/2012",12.3,29.9,21.7,9.4,51.07,28.4,9.4,25.2,202.61,,0.0,0.0,,10.0,17.3,1008.7,"",44.4343,26.103,"București, România","București, România","","Clear"
"Bucharest, Romania","05/04/2012",13.4,29.6,22.0,9.5,49.73,28.0,18.3,25.2,184.08,,0.0,0.0,,10.0,36.3,1005.5,"",44.4343,26.103,"București, România","București, România","","Partially cloudy"
"Bucharest, Romania","05/05/2012",14.1,28.5,21.0,10.3,54.35,27.3,12.7,21.6,224.83,,0.0,0.0,,10.2,20.0,1006.7,"",44.4343,26.103,"București, România","București, România","","Clear"
"Bucharest, Romania","05/06/2012",11.3,28.7,19.9,10.8,59.97,27.6,23.2,36.0,230.33,,0.0,0.0,,10.1,26.7,1010.5,"",44.4343,26.103,"București, România","București, România","","Partially cloudy"
"Bucharest, Romania","05/07/2012",11.4,28.8,20.4,10.4,57.91,27.7,12.2,21.6,246.46,,0.0,0.0,,10.0,27.4,1013.5,"",44.4343,26.103,"București, România","București, România","","Partially cloudy"
"Bucharest, Romania","05/08/2012",15.9,25.9,21.1,11.4,55.57,,17.4,25.2,245.0,,0.0,0.0,,10.2,55.6,1014.7,"Thunderstorm, Rain Showers, Light Rain, Sky Coverage Decreasing, Sky Coverage Increasing",44.4343,26.103,"București, România","București, România","","Partially cloudy"
"Bucharest, Romania","05/09/2012",14.8,18.9,16.6,13.9,84.63,,14.7,25.2,92.13,,0.0,0.0,,9.9,70.1,1019.8,"Mist, Light Drizzle, Rain Showers, Light Rain, Sky Coverage Increasing",44.4343,26.103,"București, România","București, România","","Partially cloudy"
"Bucharest, Romania","05/10/2012",14.3,25.1,18.8,14.1,76.59,,11.1,18.0,72.79,,0.0,0.0,,10.1,45.7,1023.4,"Rain Showers, Sky Coverage Increasing",44.4343,26.103,"București, România","București, România","","Partially cloudy"
"Bucharest, Romania","05/11/2012",15.4,29.4,22.4,12.9,58.43,28.6,18.1,28.8,186.25,,0.0,0.0,,10.1,22.3,1022.5,"",44.4343,26.103,"București, România","București, România","","Clear"
"Bucharest, Romania","05/12/2012",14.3,29.7,22.3,13.2,59.06,28.5,15.3,28.8,202.5,,0.0,0.0,,10.3,30.9,1017.6,"Lightning Without Thunder, Thunderstorm, Thunderstorm Without Precipitation, Rain Showers, Sky Coverage Decreasing, Sky Coverage Increasing",44.4343,26.103,"București, România","București, România","","Partially cloudy"
"Bucharest, Romania","05/13/2012",13.3,21.5,18.0,11.1,65.55,,23.4,36.0,142.42,,0.0,0.0,,10.1,42.8,1013.2,"Thunderstorm Without Precipitation, Sky Coverage Decreasing, Sky Coverage Increasing, Sky Unchanged",44.4343,26.103,"București, România","București, România","","Partially cloudy"
"Bucharest, Romania","05/14/2012",11.8,19.9,15.2,5.3,51.95,,24.9,39.6,68.54,,0.0,0.0,,10.2,70.7,1014.8,"",44.4343,26.103,"București, România","București, România","","Partially cloudy"
"Bucharest, Romania","05/15/2012",11.5,22.8,15.7,10.2,71.9,,31.9,50.3,79.92,,0.0,0.0,,8.8,56.0,1007.1,"Mist, Thunderstorm, Rain Showers, Light Rain, Sky Coverage Decreasing",44.4343,26.103,"București, România","București, România","","Partially cloudy"
"Bucharest, Romania","05/16/2012",11.5,18.3,14.8,12.8,88.53,,16.3,25.2,149.46,,0.0,0.0,,8.5,79.7,1003.9,"Mist, Rain Showers, Light Rain, Sky Coverage Decreasing, Sky Coverage Increasing",44.4343,26.103,"București, România","București, România","","Overcast"
"Bucharest, Romania","05/17/2012",11.5,21.1,15.8,11.9,79.34,,14.4,21.6,190.42,,0.0,0.0,,9.2,53.9,1005.8,"Mist, Thunderstorm, Rain Showers, Light Rain, Sky Coverage Decreasing, Sky Coverage Increasing",44.4343,26.103,"București, România","București, România","","Partially cloudy"
"Bucharest, Romania","05/18/2012",10.9,17.1,13.9,10.2,78.84,,24.7,39.6,90.58,,0.0,0.0,,10.5,76.7,1014.5,"Mist, Rain, Rain Showers, Light Rain, Sky Coverage Increasing",44.4343,26.103,"București, România","București, România","","Overcast"
"Bucharest, Romania","05/19/2012",13.3,15.4,13.9,13.2,95.9,,19.0,43.2,263.08,,0.0,0.0,,7.8,80.4,1015.4,"Mist, Rain, Thunderstorm, Thunderstorm Without Precipitation, Rain Showers, Sky Coverage Decreasing, Sky Coverage Increasing",44.4343,26.103,"București, România","București, România","","Overcast"
"Bucharest, Romania","05/20/2012",13.5,20.5,16.4,14.7,90.39,,11.5,18.0,240.29,,0.0,0.0,,9.5,75.9,1013.7,"Mist, Thunderstorm, Thunderstorm Without Precipitation, Rain Showers, Sky Coverage Decreasing, Sky Coverage Increasing",44.4343,26.103,"București, România","București, România","","Overcast"
"Bucharest, Romania","05/21/2012",14.0,25.0,19.5,15.9,81.71,,13.5,25.2,151.88,,0.0,0.0,,8.9,54.7,1013.1,"Mist, Fog",44.4343,26.103,"București, România","București, România","","Partially cloudy"
"Bucharest, Romania","05/22/2012",15.7,25.5,19.5,15.6,80.47,,26.0,39.6,73.13,,0.0,0.0,,8.4,49.8,1007.8,"Mist, Precipitation In Vicinity, Thunderstorm, Fog, Rain Showers",44.4343,26.103,"București, România","București, România","","Partially cloudy"
"Bucharest, Romania","05/23/2012",13.7,19.8,16.5,14.9,91.13,,14.3,25.2,141.38,,0.0,0.0,,9.0,78.5,1007.4,"Mist, Precipitation In Vicinity, Rain, Thunderstorm, Thunderstorm Without Precipitation, Rain Showers, Light Rain, Sky Coverage Decreasing, Sky Coverage Increasing",44.4343,26.103,"București, România","București, România","","Overcast"
"Bucharest, Romania","05/24/2012",13.8,17.6,15.6,15.2,97.56,,8.6,18.0,266.67,,0.05,16.67,,8.4,79.7,1009.5,"Mist, Precipitation In Vicinity, Thunderstorm, Rain, Thunderstorm Without Precipitation, Rain Showers, Sky Coverage Increasing",44.4343,26.103,"București, România","București, România","","Rain, Overcast"
"Bucharest, Romania","05/25/2012",14.0,21.1,16.5,15.1,92.18,,12.3,25.2,161.67,,18.25,37.5,,9.6,92.9,1011.7,"Mist, Rain, Thunderstorm, Rain Showers, Light Rain, Sky Coverage Decreasing, Sky Coverage Increasing",44.4343,26.103,"București, România","București, România","","Rain, Overcast"
"Bucharest, Romania","05/26/2012",13.2,18.2,15.2,13.4,89.74,,17.0,21.6,202.71,,27.59,41.67,,10.1,90.6,1017.3,"Rain, Rain Showers, Light Rain, Sky Coverage Increasing",44.4343,26.103,"București, România","București, România","","Rain, Overcast"
"Bucharest, Romania","05/27/2012",12.1,19.3,14.8,13.3,91.53,,8.9,14.1,63.0,,6.84,41.67,,9.8,94.9,1016.8,"Drizzle, Mist, Light Drizzle, Rain, Rain Showers, Sky Coverage Increasing, Sky Unchanged",44.4343,26.103,"București, România","București, România","","Rain, Overcast"
"Bucharest, Romania","05/28/2012",12.7,14.1,13.2,13.0,98.51,,11.8,21.6,117.63,,18.18,62.5,,9.1,94.6,1011.1,"Drizzle, Mist, Rain, Rain Showers, Light Rain, Sky Coverage Decreasing, Sky Coverage Increasing",44.4343,26.103,"București, România","București, România","","Rain, Overcast"
"Bucharest, Romania","05/29/2012",12.0,20.2,15.4,11.8,81.07,,9.8,18.0,262.08,,1.63,25.0,,10.1,59.5,1008.7,"Light Drizzle, Rain Showers, Light Rain, Sky Coverage Increasing",44.4343,26.103,"București, România","București, România","","Rain, Partially cloudy"
"Bucharest, Romania","05/30/2012",11.8,22.6,17.0,13.2,79.92,,10.8,21.6,248.74,,0.0,16.67,,10.2,59.1,1012.2,"Thunderstorm, Rain Showers, Sky Coverage Increasing, Sky Unchanged",44.4343,26.103,"București, România","București, România","","Partially cloudy"
"Bucharest, Romania","05/31/2012",13.8,22.9,18.1,14.8,82.48,,9.1,18.0,146.17,,0.0,0.0,,10.1,59.2,1015.4,"Mist, Fog, Rain Showers, Sky Coverage Decreasing, Sky Coverage Increasing",44.4343,26.103,"București, România","București, România","","Partially cloudy"
"Bucharest, Romania","06/01/2012",12.7,25.6,19.5,14.7,76.21,,13.8,28.8,190.13,,0.0,0.0,,9.5,53.8,1014.0,"Mist, Precipitation In Vicinity, Thunderstorm, Thunderstorm Without Precipitation, Fog, Rain Showers",44.4343,26.103,"București, România","București, România","","Partially cloudy"
"Bucharest, Romania","06/02/2012",13.6,24.0,18.9,13.7,74.44,,18.8,32.4,263.75,,0.0,0.0,,9.4,40.6,1014.7,"Mist, Rain Showers, Light Rain, Sky Coverage Decreasing",44.4343,26.103,"București, România","București, România","","Partially cloudy"
"Bucharest, Romania","06/03/2012",13.7,28.7,21.6,15.8,72.18,29.3,14.7,25.2,237.96,,0.0,0.0,,10.1,15.0,1015.8,"Fog",44.4343,26.103,"București, România","București, România","","Clear"
"Bucharest, Romania","06/04/2012",16.7,30.7,24.5,18.3,71.43,32.4,11.1,18.0,182.63,,0.0,0.0,,9.7,11.8,1010.7,"Mist, Fog",44.4343,26.103,"București, România","București, România","","Clear"
"Bucharest, Romania","06/05/2012",17.0,26.7,22.2,17.3,75.5,27.7,14.7,25.2,212.5,,0.0,0.0,,10.2,40.0,1006.0,"Lightning Without Thunder, Thunderstorm, Thunderstorm Without Precipitation, Rain Showers, Sky Coverage Increasing, Sky Unchanged",44.4343,26.103,"București, România","București, România","","Partially cloudy"
"Bucharest, Romania","06/06/2012",14.3,19.4,17.0,14.0,83.07,,18.4,26.0,216.38,,0.0,0.0,,10.2,71.8,1007.7,"Mist, Light Drizzle, Precipitation In Vicinity, Rain, Thunderstorm, Thunderstorm Without Precipitation, Rain Showers, Sky Coverage Decreasing, Sky Unchanged",44.4343,26.103,"București, România","București, România","","Partially cloudy"
"Bucharest, Romania","06/07/2012",10.5,25.3,18.6,12.7,72.09,,12.8,21.6,245.71,,0.0,0.0,,10.0,31.4,1012.1,"Sky Coverage Decreasing",44.4343,26.103,"București, România","București, România","","Partially cloudy"
"Bucharest, Romania","06/08/2012",13.1,28.7,22.1,15.1,67.87,28.9,11.1,18.0,211.57,,0.0,0.0,,10.0,3.3,1013.6,"",44.4343,26.103,"București, România","București, România","","Clear"
"Bucharest, Romania","06/09/2012",16.7,32.1,25.2,18.3,68.88,33.2,8.5,14.4,248.54,,0.0,0.0,,10.0,1.0,1015.0,"",44.4343,26.103,"București, România","București, România","","Clear"
"Bucharest, Romania","06/10/2012",18.0,29.3,24.1,16.3,64.45,29.2,14.0,25.2,100.92,,0.0,0.0,,10.0,11.4,1013.3,"",44.4343,26.103,"București, România","București, România","","Clear"
"Bucharest, Romania","06/11/2012",15.8,28.5,21.8,17.0,76.18,29.6,21.5,32.4,110.13,,0.0,0.0,,9.8,41.2,1007.9,"Fog, Sky Coverage Increasing",44.4343,26.103,"București, România","București, România","","Partially cloudy"
"Bucharest, Romania","06/12/2012",18.9,30.7,25.3,19.2,71.85,32.1,13.3,25.2,239.29,,0.0,0.0,,10.0,28.4,1006.1,"Lightning Without Thunder, Thunderstorm, Rain Showers, Sky Coverage Decreasing, Sky Coverage Increasing",44.4343,26.103,"București, România","București, România","","Partially cloudy"
"Bucharest, Romania","06/13/2012",18.1,31.7,25.7,17.7,65.35,32.1,16.6,28.8,238.04,,0.0,0.0,,10.0,11.9,1007.2,"Mist, Smoke Or Haze",44.4343,26.103,"București, România","București, România","","Clear"
"Bucharest, Romania","06/14/2012",19.5,27.1,22.6,17.0,71.44,27.8,6.2,14.4,215.22,,0.0,0.0,,10.2,54.7,1012.8,"Lightning Without Thunder, Mist, Precipitation In Vicinity, Thunderstorm, Thunderstorm Without Precipitation, Rain Showers, Sky Coverage Decreasing, Sky Coverage Increasing",44.4343,26.103,"București, România","București, România","","Partially cloudy"
"Bucharest, Romania","06/15/2012",15.1,27.9,22.2,14.4,64.13,27.7,16.8,25.2,139.21,,0.0,0.0,,10.1,26.7,1018.0,"",44.4343,26.103,"București, România","București, România","","Partially cloudy"
"Bucharest, Romania","06/16/2012",16.9,28.9,23.0,13.2,56.27,28.3,15.9,25.2,119.38,,0.0,0.0,,10.0,17.3,1022.5,"",44.4343,26.103,"București, România","București, România","","Clear"
"Bucharest, Romania","06/17/2012",15.3,30.5,23.7,15.0,61.87,30.2,10.9,18.0,177.95,,0.0,0.0,,10.0,2.0,1022.0,"",44.4343,26.103,"București, România","București, România","","Clear"
"Bucharest, Romania","06/18/2012",16.5,31.8,24.7,16.0,63.02,30.8,14.1,25.2,73.42,,0.0,0.0,,10.0,1.7,1021.0,"",44.4343,26.103,"București, România","București, România","","Clear"
"Bucharest, Romania","06/19/2012",16.3,31.8,24.9,16.1,61.29,32.0,12.4,21.6,79.88,,0.0,0.0,,10.0,0.0,1019.1,"",44.4343,26.103,"București, România","București, România","","Clear"
"Bucharest, Romania","06/20/2012",18.0,33.9,26.4,16.5,58.97,33.8,7.7,10.8,216.5,,0.0,0.0,,10.1,7.1,1015.8,"",44.4343,26.103,"București, România","București, România","","Clear"
"Bucharest, Romania","06/21/2012",18.5,34.4,27.2,16.4,55.5,34.5,7.5,14.4,255.83,,0.0,0.0,,10.0,10.7,1012.3,"",44.4343,26.103,"București, România","București, România","","Clear"
"Bucharest, Romania","06/22/2012",18.9,35.5,27.8,16.5,55.28,35.1,9.5,21.6,250.91,,0.0,0.0,,10.0,7.0,1011.6,"",44.4343,26.103,"București, România","București, România","","Clear"
"Bucharest, Romania","06/23/2012",20.3,31.9,26.5,18.9,64.49,34.4,22.1,32.4,114.25,,0.0,0.0,,10.1,22.2,1015.6,"Thunderstorm, Thunderstorm Without Precipitation, Rain Showers",44.4343,26.103,"București, România","București, România","","Clear"
"Bucharest, Romania","06/24/2012",19.6,25.6,21.8,18.3,81.32,,15.0,28.8,97.42,,0.0,0.0,,9.8,54.2,1018.4,"Thunderstorm, Thunderstorm Without Precipitation, Rain Showers, Light Rain, Sky Coverage Decreasing, Sky Coverage Increasing",44.4343,26.103,"București, România","București, România","","Partially cloudy"
"Bucharest, Romania","06/25/2012",17.0,30.7,24.4,18.1,71.63,31.5,8.8,14.4,236.33,,0.0,0.0,,10.0,17.9,1013.2,"Mist, Smoke Or Haze",44.4343,26.103,"București, România","București, România","","Clear"
"Bucharest, Romania","06/26/2012",19.5,25.3,22.1,18.9,82.85,,15.6,28.8,147.54,,0.0,0.0,,9.8,52.8,1011.7,"Mist, Thunderstorm, Thunderstorm Without Precipitation, Rain Showers, Light Rain, Sky Coverage Decreasing, Sky Coverage Increasing",44.4343,26.103,"București, România","București, România","","Partially cloudy"
"Bucharest, Romania","06/27/2012",15.5,25.2,20.5,14.9,72.65,,24.7,36.0,140.61,,0.0,0.0,,10.2,52.4,1016.9,"Rain Showers, Sky Coverage Increasing",44.4343,26.103,"București, România","București, România","","Partially cloudy"
"Bucharest, Romania","06/28/2012",13.6,27.9,21.5,13.5,65.02,27.3,13.8,21.6,230.75,,0.0,0.0,,10.0,27.1,1015.4,"",44.4343,26.103,"București, România","București, România","","Partially cloudy"
"Bucharest, Romania","06/29/2012",15.9,29.1,22.8,14.6,62.75,28.7,13.2,21.6,116.46,,0.0,0.0,,10.0,23.9,1015.2,"",44.4343,26.103,"București, România","București, România","","Clear"
"Bucharest, Romania","06/30/2012",18.9,30.7,24.7,15.7,59.61,30.3,7.3,14.4,101.13,,0.0,0.0,,10.0,36.5,1017.0,"",44.4343,26.103,"București, România","București, România","","Partially cloudy"
"Bucharest, Romania","07/01/2012",18.0,31.3,25.2,16.9,63.04,31.3,8.7,14.4,121.42,,0.0,0.0,,10.0,17.3,1017.2,"",44.4343,26.103,"București, România","București, România","","Clear"
"Bucharest, Romania","07/02/2012",17.8,30.3,24.4,12.9,52.98,29.1,14.6,25.2,91.67,,0.0,0.0,,10.0,2.5,1019.9,"",44.4343,26.103,"București, România","București, România","","Clear"
"Bucharest, Romania","07/03/2012",14.3,32.1,24.3,13.2,55.72,30.8,8.1,18.0,173.52,,0.0,0.0,,10.0,1.3,1017.9,"",44.4343,26.103,"București, România","București, România","","Clear"
"Bucharest, Romania","07/04/2012",14.7,34.6,25.9,14.9,56.99,33.4,11.2,18.0,266.67,,0.0,0.0,,10.0,0.0,1012.4,"",44.4343,26.103,"București, România","București, România","","Clear"
"Bucharest, Romania","07/05/2012",19.5,33.7,27.3,16.9,56.08,33.9,19.2,28.8,150.61,,0.0,0.0,,10.0,10.7,1011.5,"",44.4343,26.103,"București, România","București, România","","Clear"
"Bucharest, Romania","07/06/2012",20.5,33.2,27.4,17.4,58.67,32.8,13.5,18.0,151.5,,0.0,0.0,,10.0,10.3,1012.3,"",44.4343,26.103,"București, România","București, România","","Clear"
"Bucharest, Romania","07/07/2012",20.5,34.2,27.0,17.9,60.86,33.7,19.7,18.0,208.96,,0.0,0.0,,10.1,17.2,1010.3,"Precipitation In Vicinity, Rain Showers",44.4343,26.103,"București, România","București, România","","Clear"
"Bucharest, Romania","07/08/2012",20.9,34.8,27.4,18.4,61.65,35.3,11.7,18.0,118.78,,0.0,0.0,,10.1,11.5,1010.2,"",44.4343,26.103,"București, România","București, România","","Clear"
"Bucharest, Romania","07/09/2012",20.6,36.4,28.8,18.5,58.35,37.2,10.8,21.6,278.63,,0.0,0.0,,10.0,13.4,1009.9,"Mist, Sky Coverage Increasing, Smoke Or Haze",44.4343,26.103,"București, România","București, România","","Clear"
"Bucharest, Romania","07/10/2012",20.1,35.7,28.7,17.3,53.93,35.1,11.1,21.6,186.67,,0.0,0.0,,10.1,18.3,1009.2,"",44.4343,26.103,"București, România","București, România","","Clear"
"Bucharest, Romania","07/11/2012",22.2,34.6,27.5,17.1,55.03,34.5,16.7,28.8,93.5,,0.0,0.0,,10.2,27.6,1011.5,"Rain Showers",44.4343,26.103,"București, România","București, România","","Partially cloudy"
"Bucharest, Romania","07/12/2012",19.4,35.9,27.5,17.0,57.52,35.3,22.2,36.3,190.29,,0.0,0.0,,10.0,8.9,1009.7,"",44.4343,26.103,"București, România","București, România","","Clear"
"Bucharest, Romania","07/13/2012",20.6,31.1,25.8,16.1,57.72,30.7,15.3,25.2,67.79,,0.0,0.0,,10.0,17.9,1012.4,"",44.4343,26.103,"București, România","București, România","","Clear"
"Bucharest, Romania","07/14/2012",20.0,34.5,27.6,17.4,57.33,34.7,9.9,18.0,94.67,,0.0,0.0,,10.0,5.3,1011.8,"Thunderstorm Without Precipitation",44.4343,26.103,"București, România","București, România","","Clear"
"Bucharest, Romania","07/15/2012",21.1,38.6,30.9,18.7,53.4,38.9,15.5,28.8,120.46,,0.0,0.0,,10.0,0.0,1009.8,"",44.4343,26.103,"București, România","București, România","","Clear"
"Bucharest, Romania","07/16/2012",21.1,32.8,26.4,19.0,66.34,33.9,17.6,46.8,72.04,,0.0,0.0,,10.2,25.6,1010.5,"Thunderstorm, Thunderstorm Without Precipitation, Rain Showers, Sky Coverage Increasing, Sky Unchanged",44.4343,26.103,"București, România","București, România","","Partially cloudy"
"Bucharest, Romania","07/17/2012",17.8,27.2,22.2,15.1,67.57,27.0,9.4,21.6,115.21,,0.0,0.0,,10.1,42.0,1018.0,"Thunderstorm, Rain Showers, Sky Coverage Increasing",44.4343,26.103,"București, România","București, România","","Partially cloudy"
"Bucharest, Romania","07/18/2012",16.0,28.9,22.9,13.2,58.85,28.0,9.7,18.0,144.21,,0.0,0.0,,10.0,17.3,1016.4,"",44.4343,26.103,"București, România","București, România","","Clear"
"Bucharest, Romania","07/19/2012",17.2,31.5,24.0,12.8,54.36,30.0,10.7,18.0,155.13,,0.0,0.0,,10.0,0.7,1015.9,"",44.4343,26.103,"București, România","București, România","","Clear"
"Bucharest, Romania","07/20/2012",14.9,35.5,26.4,13.6,50.47,33.9,12.4,21.6,203.13,,0.0,0.0,,10.0,0.6,1012.9,"",44.4343,26.103,"București, România","București, România","","Clear"
"Bucharest, Romania","07/21/2012",16.7,36.1,27.3,13.7,49.12,34.9,10.0,18.0,98.46,,0.0,0.0,,10.0,0.0,1011.6,"",44.4343,26.103,"București, România","București, România","","Clear"
"Bucharest, Romania","07/22/2012",18.8,32.9,26.4,14.8,51.07,32.7,23.4,34.8,64.04,,0.0,0.0,,10.0,0.0,1012.2,"",44.4343,26.103,"București, România","București, România","","Clear"
"Bucharest, Romania","07/23/2012",21.3,31.9,26.6,15.5,51.74,31.6,29.6,43.6,55.63,,0.0,0.0,,10.0,7.2,1017.0,"",44.4343,26.103,"București, România","București, România","","Clear"
"Bucharest, Romania","07/24/2012",24.3,32.0,28.0,15.2,46.16,32.0,33.2,51.7,51.54,,0.0,0.0,,10.1,28.5,1017.0,"Rain Showers, Sky Coverage Decreasing, Sky Unchanged",44.4343,26.103,"București, România","București, România","","Partially cloudy"
"Bucharest, Romania","07/25/2012",24.1,36.9,29.6,15.5,43.55,36.8,29.3,46.7,64.29,,0.0,0.0,,10.0,0.7,1013.6,"",44.4343,26.103,"București, România","București, România","","Clear"
"Bucharest, Romania","07/26/2012",22.6,37.0,29.4,14.2,42.53,36.1,18.8,35.3,70.96,,0.0,0.0,,10.1,13.4,1010.7,"Lightning Without Thunder, Thunderstorm Without Precipitation",44.4343,26.103,"București, România","București, România","","Clear"
"Bucharest, Romania","07/27/2012",19.9,35.7,29.2,13.2,40.04,34.1,15.7,28.8,158.25,,0.0,0.0,,10.1,32.2,1009.9,"Thunderstorm, Sky Coverage Decreasing",44.4343,26.103,"București, România","București, România","","Partially cloudy"
"Bucharest, Romania","07/28/2012",23.6,35.5,29.3,14.5,41.97,34.5,14.3,25.2,216.38,,0.0,0.0,,10.1,23.0,1009.5,"Thunderstorm Without Precipitation, Sky Coverage Increasing",44.4343,26.103,"București, România","București, România","","Clear"
"Bucharest, Romania","07/29/2012",21.3,36.5,29.5,14.3,42.94,35.6,10.7,18.0,192.08,,0.0,0.0,,10.0,14.0,1010.1,"",44.4343,26.103,"București, România","București, România","","Clear"
"Bucharest, Romania","07/30/2012",20.0,33.1,27.3,15.0,48.93,33.0,19.2,32.4,186.75,,0.0,0.0,,10.1,33.1,1010.5,"",44.4343,26.103,"București, România","București, România","","Partially cloudy"
"Bucharest, Romania","07/31/2012",19.3,33.0,25.8,16.3,57.85,32.5,22.1,40.0,89.54,,0.0,0.0,,10.1,46.9,1013.0,"Thunderstorm, Thunderstorm Without Precipitation, Rain Showers, Sky Coverage Increasing, Sky Unchanged",44.4343,26.103,"București, România","București, România","","Partially cloudy"
"Bucharest, Romania","08/01/2012",18.5,31.8,25.3,15.0,59.63,30.3,16.4,28.8,168.75,,0.0,0.0,,10.2,45.9,1012.8,"Mist, Thunderstorm Without Precipitation, Rain Showers, Sky Coverage Decreasing, Sky Coverage Increasing, Sky Unchanged",44.4343,26.103,"București, România","București, România","","Partially cloudy"
"Bucharest, Romania","08/02/2012",20.2,33.6,27.3,12.6,42.74,32.2,19.8,28.8,143.54,,0.0,0.0,,10.0,29.5,1012.9,"Sky Coverage Decreasing",44.4343,26.103,"București, România","București, România","","Partially cloudy"
"Bucharest, Romania","08/03/2012",18.5,32.0,25.6,14.3,53.34,30.8,14.1,21.6,111.58,,0.0,0.0,,10.0,16.8,1013.6,"Sky Coverage Decreasing",44.4343,26.103,"București, România","București, România","","Clear"
"Bucharest, Romania","08/04/2012",18.9,35.7,27.5,14.1,48.49,34.4,8.5,18.0,254.42,,0.0,0.0,,10.0,12.4,1012.3,"",44.4343,26.103,"București, România","București, România","","Clear"
"Bucharest, Romania","08/05/2012",18.8,36.1,28.1,15.0,49.23,35.1,11.1,21.6,160.17,,0.0,0.0,,10.0,7.6,1013.7,"",44.4343,26.103,"București, România","București, România","","Clear"
"Bucharest, Romania","08/06/2012",20.3,38.0,29.2,15.3,48.38,37.1,7.4,18.0,164.42,,0.0,0.0,,10.0,2.7,1014.1,"",44.4343,26.103,"București, România","București, România","","Clear"
"Bucharest, Romania","08/07/2012",20.8,40.1,30.7,14.9,44.22,38.9,10.5,25.2,223.82,,0.0,0.0,,10.0,8.3,1012.7,"Smoke Or Haze",44.4343,26.103,"București, România","București, România","","Clear"
"Bucharest, Romania","08/08/2012",25.1,33.8,29.3,14.6,41.33,33.2,25.7,43.7,67.75,,0.0,0.0,,10.1,29.0,1014.9,"",44.4343,26.103,"București, România","București, România","","Partially cloudy"
"Bucharest, Romania","08/09/2012",21.4,31.9,26.2,14.9,51.92,31.0,16.9,25.2,99.92,,0.0,0.0,,10.3,34.6,1016.4,"Thunderstorm Without Precipitation, Rain Showers, Sky Coverage Decreasing, Sky Unchanged",44.4343,26.103,"București, România","București, România","","Partially cloudy"
"Bucharest, Romania","08/10/2012",17.7,29.0,22.3,16.6,73.08,29.0,21.6,40.2,99.38,,0.0,0.0,,10.1,57.7,1015.9,"Thunderstorm, Thunderstorm Without Precipitation, Rain Showers, Sky Coverage Decreasing, Sky Coverage Increasing",44.4343,26.103,"București, România","București, România","","Partially cloudy"
"Bucharest, Romania","08/11/2012",16.3,23.0,18.9,17.0,89.7,,17.8,28.8,113.0,,0.0,0.0,,9.2,54.2,1014.8,"Mist, Thunderstorm, Rain Showers, Light Rain, Sky Coverage Decreasing, Sky Coverage Increasing",44.4343,26.103,"București, România","București, România","","Partially cloudy"
"Bucharest, Romania","08/12/2012",17.0,22.1,18.5,16.7,89.88,,8.1,10.8,96.58,,0.0,0.0,,9.4,67.5,1012.5,"Mist, Thunderstorm, Rain Showers, Sky Coverage Decreasing, Sky Coverage Increasing",44.4343,26.103,"București, România","București, România","","Partially cloudy"
"Bucharest, Romania","08/13/2012",13.8,26.4,20.1,12.4,66.66,,18.3,32.4,192.46,,0.0,0.0,,9.7,37.7,1011.3,"Mist, Fog",44.4343,26.103,"București, România","București, România","","Partially cloudy"
"Bucharest, Romania","08/14/2012",12.2,27.8,20.0,9.8,58.7,26.8,21.9,38.0,278.0,,0.0,0.0,,10.0,13.0,1011.2,"",44.4343,26.103,"București, România","București, România","","Clear"
"Bucharest, Romania","08/15/2012",14.3,28.1,21.4,9.9,51.6,27.2,11.6,22.3,247.63,,0.0,0.0,,10.0,8.0,1011.7,"",44.4343,26.103,"București, România","București, România","","Clear"
"Bucharest, Romania","08/16/2012",12.1,29.9,21.6,11.7,58.3,28.5,10.8,21.6,235.13,,0.0,0.0,,10.0,8.0,1012.9,"",44.4343,26.103,"București, România","București, România","","Clear"
"Bucharest, Romania","08/17/2012",17.2,28.3,22.5,12.1,53.75,27.5,19.6,28.8,82.42,,0.0,0.0,,10.0,29.1,1016.5,"",44.4343,26.103,"București, România","București, România","","Partially cloudy"
"Bucharest, Romania","08/18/2012",16.8,27.8,21.7,13.4,61.16,27.4,14.1,21.6,72.75,,0.0,0.0,,10.0,45.8,1018.8,"Smoke Or Haze",44.4343,26.103,"București, România","București, România","","Partially cloudy"
"Bucharest, Romania","08/19/2012",13.5,27.5,21.5,13.7,64.13,27.4,10.9,21.6,155.96,,0.0,0.0,,10.1,31.3,1021.7,"",44.4343,26.103,"București, România","București, România","","Partially cloudy"
"Bucharest, Romania","08/20/2012",15.1,31.8,23.4,13.5,58.36,30.5,8.9,21.6,205.39,,0.0,0.0,,10.0,1.5,1021.2,"",44.4343,26.103,"București, România","București, România","","Clear"
"Bucharest, Romania","08/21/2012",17.8,36.8,26.9,13.8,49.6,35.7,18.3,32.4,217.63,,0.0,0.0,,10.1,3.0,1016.7,"",44.4343,26.103,"București, România","București, România","","Clear"
"Bucharest, Romania","08/22/2012",19.3,35.8,26.5,15.9,55.39,35.5,13.1,18.0,100.09,,0.0,0.0,,10.0,5.3,1016.6,"",44.4343,26.103,"București, România","București, România","","Clear"
"Bucharest, Romania","08/23/2012",19.5,37.0,27.8,16.8,56.96,36.3,6.1,14.4,158.29,,0.0,0.0,,10.0,4.3,1013.8,"",44.4343,26.103,"București, România","București, România","","Clear"
"Bucharest, Romania","08/24/2012",19.7,38.3,28.9,15.6,49.02,37.6,10.9,21.6,140.91,,0.0,0.0,,10.0,0.0,1012.5,"",44.4343,26.103,"București, România","București, România","","Clear"
"Bucharest, Romania","08/25/2012",19.3,39.3,29.3,15.4,48.09,38.7,10.6,21.6,162.83,,0.0,0.0,,10.0,0.0,1011.2,"",44.4343,26.103,"București, România","București, România","","Clear"
"Bucharest, Romania","08/26/2012",18.9,38.1,29.3,13.0,41.03,36.8,13.3,25.2,114.08,,0.0,0.0,,10.0,14.3,1009.1,"",44.4343,26.103,"București, România","București, România","","Clear"
"Bucharest, Romania","08/27/2012",17.9,30.8,23.6,13.2,54.33,30.0,17.2,32.5,124.79,,0.0,0.0,,10.1,35.5,1007.4,"Lightning Without Thunder, Thunderstorm, Thunderstorm Without Precipitation, Rain Showers, Smoke Or Haze",44.4343,26.103,"București, România","București, România","","Partially cloudy"
"Bucharest, Romania","08/28/2012",15.7,27.0,20.9,11.1,60.84,26.2,17.7,36.0,215.0,,0.0,0.0,,10.0,30.0,1015.1,"Mist, Rain Showers, Light Rain, Sky Coverage Decreasing, Sky Coverage Increasing",44.4343,26.103,"București, România","București, România","","Partially cloudy"
"Bucharest, Romania","08/29/2012",13.6,29.0,20.1,7.5,47.64,27.5,10.7,21.6,159.63,,0.0,0.0,,10.0,2.3,1019.0,"",44.4343,26.103,"București, România","București, România","","Clear"
"Bucharest, Romania","08/30/2012",13.9,28.9,21.0,7.5,44.96,27.4,13.5,21.6,73.29,,0.0,0.0,,10.0,15.3,1018.7,"",44.4343,26.103,"București, România","București, România","","Clear"
"Bucharest, Romania","08/31/2012",12.8,29.0,21.3,9.5,50.94,27.8,13.1,25.2,90.0,,0.0,0.0,,10.0,6.3,1018.3,"",44.4343,26.103,"București, România","București, România","","Clear"
"Bucharest, Romania","09/01/2012",15.1,28.2,21.6,12.8,61.54,27.3,16.4,28.8,71.67,,0.0,0.0,,10.0,0.0,1020.2,"",44.4343,26.103,"București, România","București, România","","Clear"
"Bucharest, Romania","09/02/2012",14.2,27.9,20.8,12.3,62.4,27.0,13.4,25.2,73.54,,0.0,0.0,,10.1,7.6,1023.8,"Drizzle",44.4343,26.103,"București, România","București, România","","Clear"
"Bucharest, Romania","09/03/2012",13.8,28.1,20.9,11.8,59.73,27.2,12.4,21.6,69.25,,0.0,0.0,,10.0,3.8,1021.3,"",44.4343,26.103,"București, România","București, România","","Clear"
"Bucharest, Romania","09/04/2012",12.4,29.3,20.1,10.2,58.29,27.8,10.4,18.0,93.13,,0.0,0.0,,10.0,9.0,1017.6,"",44.4343,26.103,"București, România","București, România","","Clear"
"Bucharest, Romania","09/05/2012",10.3,30.2,21.0,9.5,53.36,28.6,13.3,25.2,101.21,,0.0,0.0,,10.0,0.0,1015.9,"",44.4343,26.103,"București, România","București, România","","Clear"
"Bucharest, Romania","09/06/2012",13.6,30.6,21.8,11.8,57.41,29.0,12.4,21.6,98.04,,0.0,0.0,,10.0,16.1,1013.5,"",44.4343,26.103,"București, România","București, România","","Clear"
"Bucharest, Romania","09/07/2012",17.5,25.5,20.9,10.9,54.05,,24.9,39.6,128.08,,0.0,0.0,,10.0,49.8,1018.3,"",44.4343,26.103,"București, România","București, România","","Partially cloudy"
"Bucharest, Romania","09/08/2012",12.0,28.0,20.2,10.2,56.92,27.2,9.7,21.6,114.88,,0.0,0.0,,10.0,6.4,1017.8,"",44.4343,26.103,"București, România","București, România","","Clear"
"Bucharest, Romania","09/09/2012",15.2,28.0,21.8,8.9,45.84,27.1,13.9,21.6,88.21,,0.0,0.0,,10.0,29.8,1017.5,"",44.4343,26.103,"București, România","București, România","","Partially cloudy"
"Bucharest, Romania","09/10/2012",15.5,26.1,20.5,8.7,48.21,,17.4,28.8,74.5,,0.0,0.0,,10.0,1.3,1023.1,"",44.4343,26.103,"București, România","București, România","","Clear"
"Bucharest, Romania","09/11/2012",10.9,25.1,18.6,8.2,54.23,,14.5,21.6,75.08,,0.0,0.0,,10.0,24.7,1022.2,"",44.4343,26.103,"București, România","București, România","","Clear"
"Bucharest, Romania","09/12/2012",10.3,23.8,17.3,9.0,60.74,,8.5,25.2,72.08,,0.0,0.0,,10.1,38.0,1015.7,"",44.4343,26.103,"București, România","București, România","","Partially cloudy"
"Bucharest, Romania","09/13/2012",9.9,27.0,18.3,9.6,61.99,26.5,12.1,21.6,77.5,,0.0,0.0,,10.0,9.4,1009.1,"",44.4343,26.103,"București, România","București, România","","Clear"
"Bucharest, Romania","09/14/2012",15.0,31.1,21.8,13.7,65.5,29.8,18.8,28.8,51.79,,0.0,0.0,,9.4,33.9,1009.8,"Mist, Smoke Or Haze",44.4343,26.103,"București, România","București, România","","Partially cloudy"
"Bucharest, Romania","09/15/2012",17.8,28.8,23.0,14.9,62.8,28.3,14.2,25.2,153.21,,0.0,0.0,,10.0,68.3,1008.8,"Sky Coverage Increasing, Sky Unchanged",44.4343,26.103,"București, România","București, România","","Partially cloudy"
"Bucharest, Romania","09/16/2012",16.5,21.9,18.6,12.0,65.84,,20.8,36.7,95.29,,0.0,0.0,,10.0,65.8,1015.5,"Mist, Thunderstorm Without Precipitation, Rain Showers, Sky Coverage Increasing",44.4343,26.103,"București, România","București, România","","Partially cloudy"
"Bucharest, Romania","09/17/2012",16.8,21.3,18.5,11.8,65.35,,18.6,32.4,65.92,,0.0,0.0,,10.2,54.8,1018.2,"Rain Showers, Light Rain, Sky Coverage Increasing, Smoke Or Haze",44.4343,26.103,"București, România","București, România","","Partially cloudy"
"Bucharest, Romania","09/18/2012",13.5,24.3,19.0,12.9,69.88,,14.6,21.6,122.71,,0.0,0.0,,10.0,57.3,1018.0,"Rain Showers",44.4343,26.103,"București, România","București, România","","Partially cloudy"
"Bucharest, Romania","09/19/2012",14.5,25.8,19.1,12.2,67.73,,11.3,25.2,51.5,,0.0,0.0,,10.0,60.5,1014.9,"Rain, Rain Showers, Light Rain, Sky Coverage Decreasing",44.4343,26.103,"București, România","București, România","","Partially cloudy"
"Bucharest, Romania","09/20/2012",12.6,27.9,19.9,11.8,63.69,27.3,23.2,36.0,117.25,,0.0,0.0,,9.9,26.9,1011.2,"Mist, Rain Showers",44.4343,26.103,"București, România","București, România","","Partially cloudy"
"Bucharest, Romania","09/21/2012",10.0,14.0,11.9,11.2,95.53,,21.3,32.4,160.42,,0.0,0.0,,9.8,76.7,1014.5,"Mist, Rain, Rain Showers, Light Rain, Sky Coverage Decreasing, Sky Coverage Increasing",44.4343,26.103,"București, România","București, România","","Overcast"
"Bucharest, Romania","09/22/2012",11.3,21.7,15.4,11.0,77.46,,14.6,25.2,237.17,,0.0,0.0,,9.5,44.3,1016.3,"Mist, Sky Coverage Increasing",44.4343,26.103,"București, România","București, România","","Partially cloudy"
"Bucharest, Romania","09/23/2012",9.6,24.1,16.3,9.4,68.62,,15.2,28.8,154.96,8.7,0.0,0.0,,10.0,0.0,1017.8,"",44.4343,26.103,"București, România","București, România","","Clear"
"Bucharest, Romania","09/24/2012",9.2,27.4,17.5,11.0,70.5,27.0,7.6,18.0,223.17,,0.0,0.0,,10.0,0.0,1013.6,"",44.4343,26.103,"București, România","București, România","","Clear"
"Bucharest, Romania","09/25/2012",11.7,31.0,21.0,13.2,66.75,30.0,18.7,28.8,262.67,,0.0,0.0,,10.0,8.1,1008.4,"",44.4343,26.103,"București, România","București, România","","Clear"
"Bucharest, Romania","09/26/2012",13.0,29.0,20.4,13.4,68.44,28.3,12.6,21.6,129.26,,0.0,0.0,,10.0,1.0,1014.1,"",44.4343,26.103,"București, România","București, România","","Clear"
"Bucharest, Romania","09/27/2012",13.7,30.9,20.9,14.0,69.21,29.7,8.1,14.4,51.08,,0.0,0.0,,10.0,3.1,1017.2,"",44.4343,26.103,"București, România","București, România","","Clear"
"Bucharest, Romania","09/28/2012",13.8,32.7,21.8,14.5,69.03,31.6,7.3,10.8,152.32,,0.0,0.0,,10.0,10.6,1017.7,"",44.4343,26.103,"București, România","București, România","","Clear"
"Bucharest, Romania","09/29/2012",18.1,27.9,22.2,15.6,67.1,28.4,18.4,25.2,53.17,,0.0,0.0,,10.0,16.8,1020.0,"",44.4343,26.103,"București, România","București, România","","Clear"
"Bucharest, Romania","09/30/2012",14.6,30.5,21.7,16.3,74.87,30.9,7.8,10.8,63.71,,0.0,0.0,,9.8,24.7,1019.2,"Fog",44.4343,26.103,"București, România","București, România","","Clear"
"Bucharest, Romania","10/01/2012",15.7,28.6,21.5,13.9,64.3,28.0,22.0,36.0,59.5,,0.0,0.0,,10.0,14.5,1021.7,"",44.4343,26.103,"București, România","București, România","","Clear"
"Bucharest, Romania","10/02/2012",15.6,27.9,20.7,15.5,74.39,28.0,17.0,28.8,55.63,,0.0,0.0,,9.0,15.3,1018.7,"Mist, Fog, Smoke Or Haze",44.4343,26.103,"București, România","București, România","","Clear"
"Bucharest, Romania","10/03/2012",15.8,25.7,20.3,17.0,82.56,,10.6,18.0,180.25,,0.0,0.0,,8.2,41.7,1014.7,"Mist, Fog, Rain Showers, Smoke Or Haze",44.4343,26.103,"București, România","București, România","","Partially cloudy"
"Bucharest, Romania","10/04/2012",14.7,24.3,18.9,14.2,75.78,,10.7,25.2,232.75,,0.0,0.0,,10.0,32.5,1014.9,"Sky Coverage Increasing, Sky Unchanged",44.4343,26.103,"București, România","București, România","","Partially cloudy"
"Bucharest, Romania","10/05/2012",11.9,25.9,17.9,13.1,76.83,,6.4,14.4,281.25,,0.0,0.0,,9.4,21.2,1016.8,"Mist, Fog",44.4343,26.103,"București, România","București, România","","Clear"
"Bucharest, Romania","10/06/2012",9.5,26.8,17.2,10.3,69.26,26.4,9.4,18.0,157.83,,0.0,0.0,,9.7,8.4,1020.2,"Mist, Fog",44.4343,26.103,"București, România","București, România","","Clear"
"Bucharest, Romania","10/07/2012",8.7,27.7,17.3,9.0,64.06,26.8,11.0,21.6,280.0,,0.0,0.0,,10.0,0.3,1013.7,"Smoke Or Haze",44.4343,26.103,"București, România","București, România","","Clear"
"Bucharest, Romania","10/08/2012",7.5,18.4,15.7,6.8,56.1,,23.9,39.6,162.5,,0.0,0.0,,10.0,52.5,1010.7,"Smoke Or Haze",44.4343,26.103,"București, România","București, România","","Partially cloudy"
"Bucharest, Romania","10/09/2012",2.9,17.7,9.3,2.3,65.9,,8.5,18.0,223.26,,0.0,0.0,,10.0,4.5,1015.9,"",44.4343,26.103,"București, România","București, România","","Clear"
"Bucharest, Romania","10/10/2012",1.9,20.1,10.2,2.2,63.78,,6.8,14.4,204.22,0.4,0.0,0.0,,9.7,11.9,1012.4,"Mist",44.4343,26.103,"București, România","București, România","","Clear"
"Bucharest, Romania","10/11/2012",4.2,19.8,11.4,4.2,65.57,,8.7,14.4,138.38,,0.0,0.0,,10.0,40.8,1012.9,"",44.4343,26.103,"București, România","București, România","","Partially cloudy"
"Bucharest, Romania","10/12/2012",4.7,17.8,11.3,6.8,76.45,,9.2,14.4,54.92,4.7,0.0,0.0,,9.5,44.3,1016.4,"Mist, Fog, Rain Showers, Light Rain, Smoke Or Haze",44.4343,26.103,"București, România","București, România","","Partially cloudy"
"Bucharest, Romania","10/13/2012",12.9,16.8,14.8,12.2,85.26,,14.6,21.6,136.29,,0.0,0.0,,7.2,88.0,1014.7,"Mist, Rain, Light Rain, Smoke Or Haze",44.4343,26.103,"București, România","București, România","","Overcast"
"Bucharest, Romania","10/14/2012",11.0,15.4,13.1,12.2,94.61,,16.0,25.2,101.96,,0.0,0.0,,5.2,74.3,1012.8,"Mist, Light Drizzle, Rain Showers, Smoke Or Haze",44.4343,26.103,"București, România","București, România","","Partially cloudy"
"Bucharest, Romania","10/15/2012",11.8,21.4,15.1,13.3,90.04,,9.7,18.0,153.54,,0.0,0.0,,5.1,58.2,1013.4,"Mist, Fog, Smoke Or Haze",44.4343,26.103,"București, România","București, România","","Partially cloudy"
"Bucharest, Romania","10/16/2012",11.2,25.5,17.9,14.0,80.91,,8.8,14.4,175.5,,0.0,0.0,,7.9,23.1,1014.8,"Mist, Fog, Sky Unchanged, Smoke Or Haze",44.4343,26.103,"București, România","București, România","","Clear"
"Bucharest, Romania","10/17/2012",11.2,22.0,17.6,10.7,67.07,,24.2,36.0,254.58,,0.0,0.0,,9.9,29.5,1018.0,"",44.4343,26.103,"București, România","București, România","","Partially cloudy"
"Bucharest, Romania","10/18/2012",6.4,21.7,13.0,7.6,73.96,,8.8,18.0,37.58,5.2,0.0,0.0,,10.0,20.1,1025.5,"",44.4343,26.103,"București, România","București, România","","Clear"
"Bucharest, Romania","10/19/2012",5.6,22.8,12.5,7.7,76.94,,7.9,14.4,144.63,,0.0,0.0,,10.0,0.7,1024.7,"Fog",44.4343,26.103,"București, România","București, România","","Clear"
"Bucharest, Romania","10/20/2012",8.2,19.0,13.3,8.3,73.7,,16.0,25.2,47.42,7.0,0.0,0.0,,10.2,18.9,1023.7,"",44.4343,26.103,"București, România","București, România","","Clear"
"Bucharest, Romania","10/21/2012",6.8,18.6,12.5,9.9,85.64,,13.6,21.6,170.29,,0.0,0.0,,9.9,52.2,1023.3,"Mist, Smoke Or Haze",44.4343,26.103,"București, România","București, România","","Partially cloudy"
"Bucharest, Romania","10/22/2012",10.4,20.9,14.6,10.3,77.23,,9.0,18.0,165.21,,0.0,0.0,,10.1,44.9,1021.6,"Mist, Smoke Or Haze",44.4343,26.103,"București, România","București, România","","Partially cloudy"
"Bucharest, Romania","10/23/2012",5.5,19.1,12.3,8.9,81.77,,10.5,14.4,154.46,8.1,0.0,0.0,,8.3,0.1,1021.6,"Mist, Fog, Smoke Or Haze",44.4343,26.103,"București, România","București, România","","Clear"
"Bucharest, Romania","10/24/2012",6.9,14.2,11.2,8.7,85.08,,4.5,7.2,196.79,,0.0,0.0,,6.7,75.3,1021.0,"Mist, Fog",44.4343,26.103,"București, România","București, România","","Overcast"
"Bucharest, Romania","10/25/2012",10.9,19.0,14.0,8.3,70.32,,16.9,25.2,231.17,,0.0,0.0,,10.3,54.8,1014.4,"",44.4343,26.103,"București, România","București, România","","Partially cloudy"
"Bucharest, Romania","10/26/2012",5.7,18.6,11.2,6.9,76.91,,13.0,18.0,187.13,3.4,0.0,0.0,,7.6,2.8,1009.0,"Mist, Smoke Or Haze",44.4343,26.103,"București, România","București, România","","Clear"
"Bucharest, Romania","10/27/2012",5.9,19.6,12.4,7.9,74.76,,14.8,28.8,78.08,4.1,0.0,0.0,5.0,9.9,45.1,1006.4,"Mist",44.4343,26.103,"București, România","București, România","","Partially cloudy"
"Bucharest, Romania","10/28/2012",10.4,21.8,15.3,13.8,91.28,,10.9,18.6,213.08,,0.0,0.0,,7.6,59.9,1001.2,"Mist, Rain, Light Rain, Sky Coverage Decreasing, Sky Unchanged",44.4343,26.103,"București, România","București, România","","Partially cloudy"
"Bucharest, Romania","10/29/2012",4.0,15.1,6.5,5.6,93.92,,25.6,39.6,66.46,0.0,0.0,0.0,,8.8,87.5,1007.4,"Mist, Light Drizzle, Rain, Rain Showers, Light Rain, Sky Coverage Increasing",44.4343,26.103,"București, România","București, România","","Overcast"
"Bucharest, Romania","10/30/2012",2.7,9.8,5.8,4.2,90.06,,22.8,32.4,223.46,-1.0,0.0,0.0,,8.6,81.2,1008.2,"Mist, Light Drizzle, Rain, Rain Showers, Light Rain, Sky Coverage Decreasing, Sky Coverage Increasing",44.4343,26.103,"București, România","București, România","","Overcast"
"Bucharest, Romania","10/31/2012",-1.0,12.3,4.8,0.7,77.59,,11.0,18.0,186.38,-2.8,0.0,0.0,,10.0,31.0,1017.5,"Smoke Or Haze",44.4343,26.103,"București, România","București, România","","Partially cloudy"
"Bucharest, Romania","11/01/2012",6.0,17.0,11.6,10.4,92.24,,16.4,28.8,86.54,4.1,0.0,0.0,,9.1,62.3,1012.7,"Mist, Rain, Rain Showers, Light Rain",44.4343,26.103,"București, România","București, România","","Partially cloudy"
"Bucharest, Romania","11/02/2012",10.5,15.9,13.0,12.3,95.54,,12.8,18.0,195.83,,0.0,0.0,,4.3,63.3,1008.7,"Mist, Light Drizzle, Fog, Light Rain, Sky Coverage Decreasing, Sky Coverage Increasing",44.4343,26.103,"București, România","București, România","","Partially cloudy"
"Bucharest, Romania","11/03/2012",7.2,18.1,11.8,10.2,90.88,,14.8,25.2,235.38,7.6,0.0,0.0,,9.5,44.2,1015.9,"Mist, Fog, Sky Coverage Increasing, Smoke Or Haze",44.4343,26.103,"București, România","București, România","","Partially cloudy"
"Bucharest, Romania","11/04/2012",4.8,17.7,10.1,8.4,90.27,,4.7,7.2,104.67,,0.0,0.0,,4.9,28.8,1017.0,"Mist, Fog, Smoke Or Haze",44.4343,26.103,"București, România","București, România","","Partially cloudy"
"Bucharest, Romania","11/05/2012",5.5,19.8,11.3,9.2,89.11,,5.0,10.8,203.21,,0.0,0.0,,4.5,37.0,1009.8,"Mist, Fog, Light Rain",44.4343,26.103,"București, România","București, România","","Partially cloudy"
"Bucharest, Romania","11/06/2012",6.8,17.8,12.9,9.7,82.85,,22.3,36.0,203.67,,0.0,0.0,,7.9,46.4,1009.1,"Mist, Rain Showers, Fog, Light Rain, Sky Coverage Decreasing, Sky Coverage Increasing",44.4343,26.103,"București, România","București, România","","Partially cloudy"
"Bucharest, Romania","11/07/2012",4.1,12.9,8.3,5.8,85.62,,17.2,28.8,123.71,7.4,0.0,0.0,,8.2,32.0,1018.9,"Mist, Fog",44.4343,26.103,"București, România","București, România","","Partially cloudy"
"Bucharest, Romania","11/08/2012",-0.7,13.6,6.0,1.9,78.77,,15.3,21.6,237.68,-0.7,0.0,0.0,,9.0,0.0,1024.1,"Mist, Fog, Smoke Or Haze",44.4343,26.103,"București, România","București, România","","Clear"
"Bucharest, Romania","11/09/2012",0.9,10.8,5.9,3.8,87.05,,10.2,18.0,224.74,-0.3,0.0,0.0,,8.2,37.2,1018.0,"Mist",44.4343,26.103,"București, România","București, România","","Partially cloudy"
"Bucharest, Romania","11/10/2012",2.7,12.3,7.9,5.0,83.36,,10.2,21.6,191.48,,0.0,0.0,,8.4,50.5,1023.7,"Mist, Fog, Light Rain, Sky Coverage Decreasing",44.4343,26.103,"București, România","București, România","","Partially cloudy"
"Bucharest, Romania","11/11/2012",-1.5,12.5,4.9,3.2,89.99,,7.9,14.4,60.91,2.7,0.0,0.0,,5.0,15.5,1027.3,"Mist, Fog, Smoke Or Haze",44.4343,26.103,"București, România","București, România","","Clear"
"Bucharest, Romania","11/12/2012",-0.3,14.2,5.2,3.5,89.92,,6.8,10.8,170.13,2.9,0.0,0.0,,4.1,25.6,1026.5,"Mist, Fog",44.4343,26.103,"București, România","București, România","","Partially cloudy"
"Bucharest, Romania","11/13/2012",1.6,12.0,5.9,4.8,93.24,,10.1,18.0,166.92,0.1,0.0,0.0,,2.8,66.6,1026.1,"Mist, Fog, Sky Coverage Increasing",44.4343,26.103,"București, România","București, România","","Partially cloudy"
"Bucharest, Romania","11/14/2012",5.3,8.7,7.2,4.5,83.4,,25.0,43.2,52.79,1.5,0.0,0.0,,9.8,91.8,1031.3,"Mist, Rain, Light Rain, Sky Coverage Increasing",44.4343,26.103,"București, România","București, România","","Overcast"
"Bucharest, Romania","11/15/2012",2.7,6.9,5.0,1.7,79.61,,16.7,28.8,102.83,1.0,0.0,0.0,,10.1,71.9,1030.5,"Mist, Sky Coverage Increasing",44.4343,26.103,"București, România","București, România","","Partially cloudy"
"Bucharest, Romania","11/16/2012",0.9,9.0,3.9,2.4,90.29,,11.7,18.0,180.75,-1.5,0.0,0.0,,5.9,38.0,1027.3,"Mist, Fog, Smoke Or Haze",44.4343,26.103,"București, România","București, România","","Partially cloudy"
"Bucharest, Romania","11/17/2012",0.9,3.1,2.1,1.5,95.91,,11.8,18.0,61.42,-2.1,0.0,0.0,,2.2,89.5,1026.7,"Mist, Fog",44.4343,26.103,"București, România","București, România","","Overcast"
"Bucharest, Romania","11/18/2012",1.5,9.6,4.0,3.0,93.24,,8.2,14.4,98.21,-0.4,0.0,0.0,,4.0,72.7,1024.0,"Mist, Light Drizzle, Fog",44.4343,26.103,"București, România","București, România","","Partially cloudy"
"Bucharest, Romania","11/19/2012",0.5,10.7,7.2,5.7,90.7,,9.5,18.0,151.08,7.8,0.0,0.0,,5.6,87.6,1022.9,"Drizzle, Mist, Light Drizzle, Fog, Sky Coverage Increasing",44.4343,26.103,"București, România","București, România","","Overcast"
"Bucharest, Romania","11/20/2012",5.1,9.3,7.5,6.1,91.14,,22.5,32.4,59.08,1.6,0.0,0.0,,7.5,89.2,1025.5,"Mist, Fog, Sky Coverage Increasing",44.4343,26.103,"București, România","București, România","","Overcast"
"Bucharest, Romania","11/21/2012",4.0,7.1,5.4,2.6,82.72,,18.6,32.4,48.79,0.1,0.0,0.0,,10.0,99.7,1027.9,"Mist, Light Rain",44.4343,26.103,"București, România","București, România","","Overcast"
"Bucharest, Romania","11/22/2012",5.9,8.3,6.9,4.3,83.65,,8.5,18.0,54.63,4.3,0.0,0.0,,9.7,99.2,1028.2,"Mist, Light Drizzle, Sky Coverage Increasing",44.4343,26.103,"București, România","București, România","","Overcast"
"Bucharest, Romania","11/23/2012",5.1,6.7,6.0,2.2,76.82,,12.2,18.0,119.25,2.5,0.0,0.0,,10.5,98.6,1027.3,"Mist, Smoke Or Haze",44.4343,26.103,"București, România","București, România","","Overcast"
"Bucharest, Romania","11/24/2012",4.9,8.6,6.7,3.8,81.87,,10.5,18.0,254.7,4.7,0.0,0.0,,8.4,99.2,1025.9,"Mist",44.4343,26.103,"București, România","București, România","","Overcast"
"Bucharest, Romania","11/25/2012",2.1,9.1,6.1,3.8,86.07,,7.6,14.4,170.63,4.9,0.0,0.0,,5.7,81.6,1024.6,"Mist, Smoke Or Haze",44.4343,26.103,"București, România","București, România","","Overcast"
"Bucharest, Romania","11/26/2012",2.1,10.9,6.9,4.4,84.67,,19.1,28.8,233.83,2.9,0.0,0.0,,6.3,61.9,1021.8,"Mist",44.4343,26.103,"București, România","București, România","","Partially cloudy"
"Bucharest, Romania","11/27/2012",0.2,13.0,5.7,3.8,88.77,,11.0,18.0,235.21,0.5,0.0,0.0,,3.9,5.6,1017.4,"Mist, Fog, Smoke Or Haze",44.4343,26.103,"București, România","București, România","","Clear"
"Bucharest, Romania","11/28/2012",0.9,8.7,3.8,3.2,96.08,,10.8,18.0,239.42,-1.9,0.0,0.0,,1.7,40.8,1012.5,"Mist, Fog",44.4343,26.103,"București, România","București, România","","Partially cloudy"
"Bucharest, Romania","11/29/2012",-0.3,13.9,6.9,5.5,91.36,,18.9,36.0,130.71,7.8,0.0,0.0,,5.5,38.0,1003.9,"Mist, Fog, Rain Showers, Sky Coverage Decreasing, Sky Coverage Increasing",44.4343,26.103,"București, România","București, România","","Partially cloudy"
"Bucharest, Romania","11/30/2012",2.4,17.7,9.8,6.2,81.73,,14.3,25.2,214.45,5.5,0.0,0.0,,9.1,12.1,1005.0,"Mist, Rain Showers, Fog, Sky Coverage Decreasing, Sky Unchanged",44.4343,26.103,"București, România","București, România","","Clear"
"Bucharest, Romania","12/01/2012",1.8,11.9,6.7,4.4,86.36,,10.5,14.4,172.67,0.0,0.0,0.0,,9.5,40.4,1009.8,"Mist, Rain Showers, Sky Coverage Increasing, Smoke Or Haze",44.4343,26.103,"București, România","București, România","","Partially cloudy"
"Bucharest, Romania","12/02/2012",2.7,6.5,4.9,4.0,94.31,,23.4,36.0,76.13,0.0,0.0,0.0,,7.3,79.7,1013.9,"Mist, Light Drizzle, Rain, Rain Showers, Light Rain",44.4343,26.103,"București, România","București, România","","Overcast"
"Bucharest, Romania","12/03/2012",2.1,9.2,5.7,4.0,89.39,,25.1,43.2,228.88,-1.6,0.0,0.0,,8.9,71.5,999.5,"Mist, Rain, Rain Showers, Light Rain",44.4343,26.103,"București, România","București, România","","Partially cloudy"
"Bucharest, Romania","12/04/2012",-2.1,7.2,3.3,0.5,82.32,,9.7,18.0,232.54,-2.0,0.0,0.0,,10.3,45.6,1006.4,"Light Rain, Sky Coverage Increasing",44.4343,26.103,"București, România","București, România","","Partially cloudy"
"Bucharest, Romania","12/05/2012",-3.3,3.5,0.4,-0.7,92.75,,13.4,21.6,124.54,-5.4,0.0,0.0,,8.3,53.9,1002.8,"Ice, Mist, Light Snow, Heavy Rain And Snow, Light Rain And Snow, Light Rain, Sky Coverage Increasing, Snow",44.4343,26.103,"București, România","București, România","","Partially cloudy"
"Bucharest, Romania","12/06/2012",1.2,3.9,2.2,0.7,89.86,,14.5,21.6,223.92,-2.2,0.0,0.0,,8.3,96.1,1006.8,"Mist, Light Drizzle, Rain, Light Rain, Sky Coverage Increasing",44.4343,26.103,"București, România","București, România","","Overcast"
"Bucharest, Romania","12/07/2012",-2.9,3.6,0.7,-1.4,86.62,,9.1,14.4,142.04,-0.1,0.0,0.0,,7.8,77.1,1014.4,"Drizzle, Mist, Fog, Light Rain, Sky Coverage Increasing",44.4343,26.103,"București, România","București, România","","Overcast"
"Bucharest, Romania","12/08/2012",-5.3,3.0,0.1,-1.1,91.62,,22.7,36.0,94.22,-6.6,0.0,0.0,,7.4,62.1,1015.7,"Mist, Fog, Light Rain, Smoke Or Haze",44.4343,26.103,"București, România","București, România","","Partially cloudy"
"Bucharest, Romania","12/09/2012",-0.6,7.4,3.9,3.2,95.25,,32.3,46.8,145.54,-4.1,0.0,0.0,1.0,4.9,95.0,1007.9,"Mist, Light Snow, Light Drizzle, Rain, Fog, Heavy Rain, Light Rain, Sky Coverage Increasing, Snow",44.4343,26.103,"București, România","București, România","","Overcast"
"Bucharest, Romania","12/10/2012",-2.2,-0.9,-1.7,-2.3,95.26,,17.9,25.7,240.29,-7.3,0.0,0.0,10.0,4.2,98.7,1008.2,"Mist, Light Snow, Fog, Sky Coverage Increasing, Snow",44.4343,26.103,"București, România","București, România","","Overcast"
"Bucharest, Romania","12/11/2012",-4.3,-0.1,-2.1,-2.9,94.26,,24.6,43.2,123.91,-8.4,0.0,0.0,16.0,2.6,81.4,1011.0,"Blowing Or Drifting Snow, Mist, Light Snow, Fog, Snow",44.4343,26.103,"București, România","București, România","","Overcast"
"Bucharest, Romania","12/12/2012",-4.1,-1.2,-2.2,-3.6,90.17,,25.9,39.6,217.08,-10.8,0.0,0.0,27.88,6.5,79.2,1011.1,"Blowing Or Drifting Snow, Mist, Light Snow, Fog, Sky Coverage Decreasing, Sky Coverage Increasing, Snow",44.4343,26.103,"București, România","București, România","","Overcast"
"Bucharest, Romania","12/13/2012",-13.4,-2.2,-6.3,-9.0,81.7,,19.0,28.8,249.17,-13.7,0.0,0.0,24.88,8.7,4.7,1024.1,"Mist, Fog",44.4343,26.103,"București, România","București, România","","Clear"
"Bucharest, Romania","12/14/2012",-17.1,-2.1,-10.7,-12.8,85.78,,7.4,10.8,175.29,-15.2,0.0,0.0,21.89,3.4,2.2,1031.7,"Mist, Fog",44.4343,26.103,"București, România","București, România","","Clear"
"Bucharest, Romania","12/15/2012",-15.5,-1.3,-8.8,-10.8,85.89,,9.8,14.4,143.43,-10.9,0.0,0.0,19.85,3.4,25.3,1029.0,"Mist, Fog",44.4343,26.103,"București, România","București, România","","Partially cloudy"
"Bucharest, Romania","12/16/2012",-0.9,1.0,0.3,-0.2,96.81,,7.8,14.4,144.88,-3.0,0.0,0.0,16.89,1.3,96.2,1019.7,"Ice, Mist, Light Snow, Fog, Light Rain, Light Freezing Rain, Snow",44.4343,26.103,"București, România","București, România","","Overcast"
"Bucharest, Romania","12/17/2012",-1.1,1.7,0.5,0.0,96.54,,17.4,28.8,43.96,-6.1,0.0,0.0,10.96,5.5,87.0,1017.7,"Drizzle, Mist, Light Drizzle, Fog, Freezing Drizzle/Freezing Rain, Light Rain",44.4343,26.103,"București, România","București, România","","Overcast"
"Bucharest, Romania","12/18/2012",-2.9,0.0,-1.4,-1.8,96.95,,26.4,43.2,50.67,-9.6,0.0,0.0,8.96,3.5,98.5,1017.9,"Mist, Fog, Freezing Drizzle/Freezing Rain, Light Freezing Rain",44.4343,26.103,"București, România","București, România","","Overcast"
"Bucharest, Romania","12/19/2012",-6.8,-3.0,-5.3,-7.3,86.12,,31.2,50.8,61.5,-14.3,0.0,0.0,19.0,9.3,95.7,1019.5,"Light Snow, Mist, Sky Coverage Increasing, Snow",44.4343,26.103,"București, România","București, România","","Overcast"
"Bucharest, Romania","12/20/2012",-7.3,-5.1,-6.1,-8.0,86.64,,8.4,14.4,269.63,-10.7,0.0,0.0,21.0,6.6,99.8,1021.6,"Mist, Light Snow, Sky Coverage Increasing, Snow",44.4343,26.103,"București, România","București, România","","Overcast"
"Bucharest, Romania","12/21/2012",-6.9,-4.7,-5.6,-7.2,89.15,,9.3,14.4,167.79,-11.1,0.0,0.0,21.0,5.6,98.4,1019.6,"Light Snow, Mist, Sky Coverage Increasing, Snow",44.4343,26.103,"București, România","București, România","","Overcast"
"Bucharest, Romania","12/22/2012",-7.0,-4.1,-5.5,-8.1,82.35,,7.6,10.8,156.42,-10.1,0.0,0.0,20.0,8.9,82.8,1022.9,"Light Snow, Mist, Sky Coverage Increasing",44.4343,26.103,"București, România","București, România","","Overcast"
"Bucharest, Romania","12/23/2012",-6.3,-0.4,-3.4,-5.1,87.83,,10.0,14.4,209.04,-9.6,0.0,0.0,18.0,3.9,66.8,1024.6,"Mist, Light Snow, Fog",44.4343,26.103,"București, România","București, România","","Partially cloudy"
"Bucharest, Romania","12/24/2012",-6.3,0.6,-2.9,-4.3,90.15,,13.5,18.0,174.57,-6.5,0.0,0.0,15.0,2.0,61.9,1024.1,"Mist, Fog",44.4343,26.103,"București, România","București, România","","Partially cloudy"
"Bucharest, Romania","12/25/2012",-4.5,5.9,-0.2,-3.6,78.76,,11.9,18.0,241.92,-8.1,0.0,0.0,14.0,3.0,13.7,1020.6,"Mist, Smoke Or Haze",44.4343,26.103,"București, România","București, România","","Clear"
"Bucharest, Romania","12/26/2012",-0.2,4.3,1.7,-1.2,81.61,,14.6,18.0,238.88,-4.3,0.0,0.0,11.0,3.1,31.8,1017.1,"Mist, Smoke Or Haze",44.4343,26.103,"București, România","București, România","","Partially cloudy"
"Bucharest, Romania","12/27/2012",0.1,4.9,1.9,-0.2,86.76,,13.2,21.6,238.08,-3.5,0.0,0.0,10.0,3.0,25.9,1016.7,"Mist, Rain, Fog, Light Rain, Smoke Or Haze",44.4343,26.103,"București, România","București, România","","Partially cloudy"
"Bucharest, Romania","12/28/2012",-2.3,5.4,0.1,-0.9,93.58,,11.6,18.0,198.42,-6.2,0.0,0.0,7.0,1.7,70.9,1017.2,"Mist, Fog, Sky Coverage Increasing",44.4343,26.103,"București, România","București, România","","Partially cloudy"
"Bucharest, Romania","12/29/2012",-7.7,2.2,-0.5,-5.7,69.73,,26.2,39.8,86.79,-5.7,0.0,0.0,4.0,9.0,27.2,1030.7,"Mist",44.4343,26.103,"București, România","București, România","","Partially cloudy"
"Bucharest, Romania","12/30/2012",-8.2,1.4,-4.6,-7.6,81.03,,7.6,10.8,249.04,-10.5,0.0,0.0,4.0,8.9,0.0,1031.3,"Mist, Smoke Or Haze",44.4343,26.103,"București, România","București, România","","Clear"
"Bucharest, Romania","12/31/2012",-8.6,1.8,-3.8,-6.0,85.36,,12.9,21.6,235.13,-11.3,0.0,0.0,3.0,5.7,0.0,1026.8,"Mist",44.4343,26.103,"București, România","București, România","","Clear"
